2024-08-26 19:23:16,170:ERROR:



Could not obtain torch dtype object, check if the value passed is correct. Setting to auto and proceeding. ; No exception info.



Traceback: NoneType: None



2024-08-26 19:27:51,858:ERROR:



Could not determine hidden_dimensions, encountered error:  'Phi3Config' object has no attribute 'head_dim'



Traceback: Traceback (most recent call last):
  File "C:\Users\abhee\OneDrive\Documents\Work_Stuff\LLMs\LARS\web_app\hf_waitress.py", line 874, in health
    model_info["hidden_dimensions"] = str(PIPE.model.config.head_dim)
                                          ^^^^^^^^^^^^^^^^^^^^^^^^^^
  File "C:\Users\abhee\AppData\Local\Programs\Python\Python311\Lib\site-packages\transformers\configuration_utils.py", line 264, in __getattribute__
    return super().__getattribute__(key)
           ^^^^^^^^^^^^^^^^^^^^^^^^^^^^^
AttributeError: 'Phi3Config' object has no attribute 'head_dim'



2024-08-26 19:28:30,555:ERROR:



Could not obtain torch dtype object, check if the value passed is correct. Setting to auto and proceeding. ; No exception info.



Traceback: NoneType: None



2024-08-26 19:34:39,007:ERROR:



Could not obtain torch dtype object, check if the value passed is correct. Setting to auto and proceeding. ; No exception info.



Traceback: NoneType: None



2024-08-26 19:37:45,228:ERROR:



Could not obtain torch dtype object, check if the value passed is correct. Setting to auto and proceeding. ; No exception info.



Traceback: NoneType: None



2024-08-26 19:37:57,113:ERROR:



Could not determine hidden_dimensions, encountered error:  'Phi3Config' object has no attribute 'head_dim'



Traceback: Traceback (most recent call last):
  File "C:\Users\abhee\OneDrive\Documents\Work_Stuff\LLMs\LARS\web_app\hf_waitress.py", line 874, in health
    model_info["hidden_dimensions"] = str(PIPE.model.config.head_dim)
                                          ^^^^^^^^^^^^^^^^^^^^^^^^^^
  File "C:\Users\abhee\AppData\Local\Programs\Python\Python311\Lib\site-packages\transformers\configuration_utils.py", line 264, in __getattribute__
    return super().__getattribute__(key)
           ^^^^^^^^^^^^^^^^^^^^^^^^^^^^^
AttributeError: 'Phi3Config' object has no attribute 'head_dim'



2024-08-26 19:46:17,047:ERROR:



Could not determine hidden_dimensions, encountered error:  'Phi3Config' object has no attribute 'head_dim'



Traceback: Traceback (most recent call last):
  File "C:\Users\abhee\OneDrive\Documents\Work_Stuff\LLMs\LARS\web_app\hf_waitress.py", line 874, in health
    model_info["hidden_dimensions"] = str(PIPE.model.config.head_dim)
                                          ^^^^^^^^^^^^^^^^^^^^^^^^^^
  File "C:\Users\abhee\AppData\Local\Programs\Python\Python311\Lib\site-packages\transformers\configuration_utils.py", line 264, in __getattribute__
    return super().__getattribute__(key)
           ^^^^^^^^^^^^^^^^^^^^^^^^^^^^^
AttributeError: 'Phi3Config' object has no attribute 'head_dim'



2024-08-27 14:46:09,839:ERROR:



Could not determine hidden_dimensions, encountered error:  'Phi3Config' object has no attribute 'head_dim'



Traceback: Traceback (most recent call last):
  File "C:\Users\abhee\OneDrive\Documents\Work_Stuff\LLMs\LARS\web_app\hf_waitress.py", line 874, in health
    model_info["hidden_dimensions"] = str(PIPE.model.config.head_dim)
                                          ^^^^^^^^^^^^^^^^^^^^^^^^^^
  File "C:\Users\abhee\AppData\Local\Programs\Python\Python311\Lib\site-packages\transformers\configuration_utils.py", line 264, in __getattribute__
    return super().__getattribute__(key)
           ^^^^^^^^^^^^^^^^^^^^^^^^^^^^^
AttributeError: 'Phi3Config' object has no attribute 'head_dim'



2024-08-27 14:46:29,837:ERROR:



Could not determine hidden_dimensions, encountered error:  'Phi3Config' object has no attribute 'head_dim'



Traceback: Traceback (most recent call last):
  File "C:\Users\abhee\OneDrive\Documents\Work_Stuff\LLMs\LARS\web_app\hf_waitress.py", line 874, in health
    model_info["hidden_dimensions"] = str(PIPE.model.config.head_dim)
                                          ^^^^^^^^^^^^^^^^^^^^^^^^^^
  File "C:\Users\abhee\AppData\Local\Programs\Python\Python311\Lib\site-packages\transformers\configuration_utils.py", line 264, in __getattribute__
    return super().__getattribute__(key)
           ^^^^^^^^^^^^^^^^^^^^^^^^^^^^^
AttributeError: 'Phi3Config' object has no attribute 'head_dim'



2024-08-27 14:49:50,261:ERROR:



Could not determine hidden_dimensions, encountered error:  'Phi3Config' object has no attribute 'head_dim'



Traceback: Traceback (most recent call last):
  File "C:\Users\abhee\OneDrive\Documents\Work_Stuff\LLMs\LARS\web_app\hf_waitress.py", line 874, in health
    model_info["hidden_dimensions"] = str(PIPE.model.config.head_dim)
                                          ^^^^^^^^^^^^^^^^^^^^^^^^^^
  File "C:\Users\abhee\AppData\Local\Programs\Python\Python311\Lib\site-packages\transformers\configuration_utils.py", line 264, in __getattribute__
    return super().__getattribute__(key)
           ^^^^^^^^^^^^^^^^^^^^^^^^^^^^^
AttributeError: 'Phi3Config' object has no attribute 'head_dim'



2024-08-27 14:58:55,401:ERROR:



Could not determine hidden_dimensions, encountered error:  'Phi3Config' object has no attribute 'head_dim'



Traceback: Traceback (most recent call last):
  File "C:\Users\abhee\OneDrive\Documents\Work_Stuff\LLMs\LARS\web_app\hf_waitress.py", line 874, in health
    model_info["hidden_dimensions"] = str(PIPE.model.config.head_dim)
                                          ^^^^^^^^^^^^^^^^^^^^^^^^^^
  File "C:\Users\abhee\AppData\Local\Programs\Python\Python311\Lib\site-packages\transformers\configuration_utils.py", line 264, in __getattribute__
    return super().__getattribute__(key)
           ^^^^^^^^^^^^^^^^^^^^^^^^^^^^^
AttributeError: 'Phi3Config' object has no attribute 'head_dim'



2024-08-27 15:00:52,133:ERROR:



Could not determine hidden_dimensions, encountered error:  'Phi3Config' object has no attribute 'head_dim'



Traceback: Traceback (most recent call last):
  File "C:\Users\abhee\OneDrive\Documents\Work_Stuff\LLMs\LARS\web_app\hf_waitress.py", line 874, in health
    model_info["hidden_dimensions"] = str(PIPE.model.config.head_dim)
                                          ^^^^^^^^^^^^^^^^^^^^^^^^^^
  File "C:\Users\abhee\AppData\Local\Programs\Python\Python311\Lib\site-packages\transformers\configuration_utils.py", line 264, in __getattribute__
    return super().__getattribute__(key)
           ^^^^^^^^^^^^^^^^^^^^^^^^^^^^^
AttributeError: 'Phi3Config' object has no attribute 'head_dim'



2024-08-27 15:02:47,323:ERROR:



Could not determine hidden_dimensions, encountered error:  'Phi3Config' object has no attribute 'head_dim'



Traceback: Traceback (most recent call last):
  File "C:\Users\abhee\OneDrive\Documents\Work_Stuff\LLMs\LARS\web_app\hf_waitress.py", line 874, in health
    model_info["hidden_dimensions"] = str(PIPE.model.config.head_dim)
                                          ^^^^^^^^^^^^^^^^^^^^^^^^^^
  File "C:\Users\abhee\AppData\Local\Programs\Python\Python311\Lib\site-packages\transformers\configuration_utils.py", line 264, in __getattribute__
    return super().__getattribute__(key)
           ^^^^^^^^^^^^^^^^^^^^^^^^^^^^^
AttributeError: 'Phi3Config' object has no attribute 'head_dim'



2024-08-27 15:05:38,044:ERROR:



Could not determine hidden_dimensions, encountered error:  'Phi3Config' object has no attribute 'head_dim'



Traceback: Traceback (most recent call last):
  File "C:\Users\abhee\OneDrive\Documents\Work_Stuff\LLMs\LARS\web_app\hf_waitress.py", line 874, in health
    model_info["hidden_dimensions"] = str(PIPE.model.config.head_dim)
                                          ^^^^^^^^^^^^^^^^^^^^^^^^^^
  File "C:\Users\abhee\AppData\Local\Programs\Python\Python311\Lib\site-packages\transformers\configuration_utils.py", line 264, in __getattribute__
    return super().__getattribute__(key)
           ^^^^^^^^^^^^^^^^^^^^^^^^^^^^^
AttributeError: 'Phi3Config' object has no attribute 'head_dim'



2024-08-27 15:10:14,483:ERROR:



Could not determine hidden_dimensions, encountered error:  'Phi3Config' object has no attribute 'head_dim'



Traceback: Traceback (most recent call last):
  File "C:\Users\abhee\OneDrive\Documents\Work_Stuff\LLMs\LARS\web_app\hf_waitress.py", line 874, in health
    model_info["hidden_dimensions"] = str(PIPE.model.config.head_dim)
                                          ^^^^^^^^^^^^^^^^^^^^^^^^^^
  File "C:\Users\abhee\AppData\Local\Programs\Python\Python311\Lib\site-packages\transformers\configuration_utils.py", line 264, in __getattribute__
    return super().__getattribute__(key)
           ^^^^^^^^^^^^^^^^^^^^^^^^^^^^^
AttributeError: 'Phi3Config' object has no attribute 'head_dim'



2024-08-27 15:10:29,384:ERROR:



Could not determine hidden_dimensions, encountered error:  'Phi3Config' object has no attribute 'head_dim'



Traceback: Traceback (most recent call last):
  File "C:\Users\abhee\OneDrive\Documents\Work_Stuff\LLMs\LARS\web_app\hf_waitress.py", line 874, in health
    model_info["hidden_dimensions"] = str(PIPE.model.config.head_dim)
                                          ^^^^^^^^^^^^^^^^^^^^^^^^^^
  File "C:\Users\abhee\AppData\Local\Programs\Python\Python311\Lib\site-packages\transformers\configuration_utils.py", line 264, in __getattribute__
    return super().__getattribute__(key)
           ^^^^^^^^^^^^^^^^^^^^^^^^^^^^^
AttributeError: 'Phi3Config' object has no attribute 'head_dim'



2024-08-27 15:11:26,604:ERROR:



Could not determine hidden_dimensions, encountered error:  'Phi3Config' object has no attribute 'head_dim'



Traceback: Traceback (most recent call last):
  File "C:\Users\abhee\OneDrive\Documents\Work_Stuff\LLMs\LARS\web_app\hf_waitress.py", line 874, in health
    model_info["hidden_dimensions"] = str(PIPE.model.config.head_dim)
                                          ^^^^^^^^^^^^^^^^^^^^^^^^^^
  File "C:\Users\abhee\AppData\Local\Programs\Python\Python311\Lib\site-packages\transformers\configuration_utils.py", line 264, in __getattribute__
    return super().__getattribute__(key)
           ^^^^^^^^^^^^^^^^^^^^^^^^^^^^^
AttributeError: 'Phi3Config' object has no attribute 'head_dim'



2024-08-27 15:11:45,909:ERROR:



Could not determine hidden_dimensions, encountered error:  'Phi3Config' object has no attribute 'head_dim'



Traceback: Traceback (most recent call last):
  File "C:\Users\abhee\OneDrive\Documents\Work_Stuff\LLMs\LARS\web_app\hf_waitress.py", line 874, in health
    model_info["hidden_dimensions"] = str(PIPE.model.config.head_dim)
                                          ^^^^^^^^^^^^^^^^^^^^^^^^^^
  File "C:\Users\abhee\AppData\Local\Programs\Python\Python311\Lib\site-packages\transformers\configuration_utils.py", line 264, in __getattribute__
    return super().__getattribute__(key)
           ^^^^^^^^^^^^^^^^^^^^^^^^^^^^^
AttributeError: 'Phi3Config' object has no attribute 'head_dim'



2024-08-27 15:12:02,760:ERROR:



Could not determine hidden_dimensions, encountered error:  'Phi3Config' object has no attribute 'head_dim'



Traceback: Traceback (most recent call last):
  File "C:\Users\abhee\OneDrive\Documents\Work_Stuff\LLMs\LARS\web_app\hf_waitress.py", line 874, in health
    model_info["hidden_dimensions"] = str(PIPE.model.config.head_dim)
                                          ^^^^^^^^^^^^^^^^^^^^^^^^^^
  File "C:\Users\abhee\AppData\Local\Programs\Python\Python311\Lib\site-packages\transformers\configuration_utils.py", line 264, in __getattribute__
    return super().__getattribute__(key)
           ^^^^^^^^^^^^^^^^^^^^^^^^^^^^^
AttributeError: 'Phi3Config' object has no attribute 'head_dim'



2024-08-27 15:12:22,582:ERROR:



Could not determine hidden_dimensions, encountered error:  'Phi3Config' object has no attribute 'head_dim'



Traceback: Traceback (most recent call last):
  File "C:\Users\abhee\OneDrive\Documents\Work_Stuff\LLMs\LARS\web_app\hf_waitress.py", line 874, in health
    model_info["hidden_dimensions"] = str(PIPE.model.config.head_dim)
                                          ^^^^^^^^^^^^^^^^^^^^^^^^^^
  File "C:\Users\abhee\AppData\Local\Programs\Python\Python311\Lib\site-packages\transformers\configuration_utils.py", line 264, in __getattribute__
    return super().__getattribute__(key)
           ^^^^^^^^^^^^^^^^^^^^^^^^^^^^^
AttributeError: 'Phi3Config' object has no attribute 'head_dim'



2024-08-27 15:13:21,150:ERROR:



Could not determine hidden_dimensions, encountered error:  'Phi3Config' object has no attribute 'head_dim'



Traceback: Traceback (most recent call last):
  File "C:\Users\abhee\OneDrive\Documents\Work_Stuff\LLMs\LARS\web_app\hf_waitress.py", line 874, in health
    model_info["hidden_dimensions"] = str(PIPE.model.config.head_dim)
                                          ^^^^^^^^^^^^^^^^^^^^^^^^^^
  File "C:\Users\abhee\AppData\Local\Programs\Python\Python311\Lib\site-packages\transformers\configuration_utils.py", line 264, in __getattribute__
    return super().__getattribute__(key)
           ^^^^^^^^^^^^^^^^^^^^^^^^^^^^^
AttributeError: 'Phi3Config' object has no attribute 'head_dim'



2024-08-27 15:13:34,423:ERROR:



Could not determine hidden_dimensions, encountered error:  'Phi3Config' object has no attribute 'head_dim'



Traceback: Traceback (most recent call last):
  File "C:\Users\abhee\OneDrive\Documents\Work_Stuff\LLMs\LARS\web_app\hf_waitress.py", line 874, in health
    model_info["hidden_dimensions"] = str(PIPE.model.config.head_dim)
                                          ^^^^^^^^^^^^^^^^^^^^^^^^^^
  File "C:\Users\abhee\AppData\Local\Programs\Python\Python311\Lib\site-packages\transformers\configuration_utils.py", line 264, in __getattribute__
    return super().__getattribute__(key)
           ^^^^^^^^^^^^^^^^^^^^^^^^^^^^^
AttributeError: 'Phi3Config' object has no attribute 'head_dim'



2024-08-27 15:13:50,985:ERROR:



Could not determine hidden_dimensions, encountered error:  'Phi3Config' object has no attribute 'head_dim'



Traceback: Traceback (most recent call last):
  File "C:\Users\abhee\OneDrive\Documents\Work_Stuff\LLMs\LARS\web_app\hf_waitress.py", line 874, in health
    model_info["hidden_dimensions"] = str(PIPE.model.config.head_dim)
                                          ^^^^^^^^^^^^^^^^^^^^^^^^^^
  File "C:\Users\abhee\AppData\Local\Programs\Python\Python311\Lib\site-packages\transformers\configuration_utils.py", line 264, in __getattribute__
    return super().__getattribute__(key)
           ^^^^^^^^^^^^^^^^^^^^^^^^^^^^^
AttributeError: 'Phi3Config' object has no attribute 'head_dim'



2024-08-27 15:16:39,734:ERROR:



Could not determine hidden_dimensions, encountered error:  'Phi3Config' object has no attribute 'head_dim'



Traceback: Traceback (most recent call last):
  File "C:\Users\abhee\OneDrive\Documents\Work_Stuff\LLMs\LARS\web_app\hf_waitress.py", line 874, in health
    model_info["hidden_dimensions"] = str(PIPE.model.config.head_dim)
                                          ^^^^^^^^^^^^^^^^^^^^^^^^^^
  File "C:\Users\abhee\AppData\Local\Programs\Python\Python311\Lib\site-packages\transformers\configuration_utils.py", line 264, in __getattribute__
    return super().__getattribute__(key)
           ^^^^^^^^^^^^^^^^^^^^^^^^^^^^^
AttributeError: 'Phi3Config' object has no attribute 'head_dim'



2024-08-27 15:16:53,709:ERROR:



Could not determine hidden_dimensions, encountered error:  'Phi3Config' object has no attribute 'head_dim'



Traceback: Traceback (most recent call last):
  File "C:\Users\abhee\OneDrive\Documents\Work_Stuff\LLMs\LARS\web_app\hf_waitress.py", line 874, in health
    model_info["hidden_dimensions"] = str(PIPE.model.config.head_dim)
                                          ^^^^^^^^^^^^^^^^^^^^^^^^^^
  File "C:\Users\abhee\AppData\Local\Programs\Python\Python311\Lib\site-packages\transformers\configuration_utils.py", line 264, in __getattribute__
    return super().__getattribute__(key)
           ^^^^^^^^^^^^^^^^^^^^^^^^^^^^^
AttributeError: 'Phi3Config' object has no attribute 'head_dim'



2024-08-27 15:17:27,642:ERROR:



Could not determine hidden_dimensions, encountered error:  'Phi3Config' object has no attribute 'head_dim'



Traceback: Traceback (most recent call last):
  File "C:\Users\abhee\OneDrive\Documents\Work_Stuff\LLMs\LARS\web_app\hf_waitress.py", line 874, in health
    model_info["hidden_dimensions"] = str(PIPE.model.config.head_dim)
                                          ^^^^^^^^^^^^^^^^^^^^^^^^^^
  File "C:\Users\abhee\AppData\Local\Programs\Python\Python311\Lib\site-packages\transformers\configuration_utils.py", line 264, in __getattribute__
    return super().__getattribute__(key)
           ^^^^^^^^^^^^^^^^^^^^^^^^^^^^^
AttributeError: 'Phi3Config' object has no attribute 'head_dim'



2024-08-27 15:17:38,628:ERROR:



Could not determine hidden_dimensions, encountered error:  'Phi3Config' object has no attribute 'head_dim'



Traceback: Traceback (most recent call last):
  File "C:\Users\abhee\OneDrive\Documents\Work_Stuff\LLMs\LARS\web_app\hf_waitress.py", line 874, in health
    model_info["hidden_dimensions"] = str(PIPE.model.config.head_dim)
                                          ^^^^^^^^^^^^^^^^^^^^^^^^^^
  File "C:\Users\abhee\AppData\Local\Programs\Python\Python311\Lib\site-packages\transformers\configuration_utils.py", line 264, in __getattribute__
    return super().__getattribute__(key)
           ^^^^^^^^^^^^^^^^^^^^^^^^^^^^^
AttributeError: 'Phi3Config' object has no attribute 'head_dim'



2024-08-27 15:17:52,917:ERROR:



Could not determine hidden_dimensions, encountered error:  'Phi3Config' object has no attribute 'head_dim'



Traceback: Traceback (most recent call last):
  File "C:\Users\abhee\OneDrive\Documents\Work_Stuff\LLMs\LARS\web_app\hf_waitress.py", line 874, in health
    model_info["hidden_dimensions"] = str(PIPE.model.config.head_dim)
                                          ^^^^^^^^^^^^^^^^^^^^^^^^^^
  File "C:\Users\abhee\AppData\Local\Programs\Python\Python311\Lib\site-packages\transformers\configuration_utils.py", line 264, in __getattribute__
    return super().__getattribute__(key)
           ^^^^^^^^^^^^^^^^^^^^^^^^^^^^^
AttributeError: 'Phi3Config' object has no attribute 'head_dim'



2024-08-27 15:18:16,089:ERROR:



Could not determine hidden_dimensions, encountered error:  'Phi3Config' object has no attribute 'head_dim'



Traceback: Traceback (most recent call last):
  File "C:\Users\abhee\OneDrive\Documents\Work_Stuff\LLMs\LARS\web_app\hf_waitress.py", line 874, in health
    model_info["hidden_dimensions"] = str(PIPE.model.config.head_dim)
                                          ^^^^^^^^^^^^^^^^^^^^^^^^^^
  File "C:\Users\abhee\AppData\Local\Programs\Python\Python311\Lib\site-packages\transformers\configuration_utils.py", line 264, in __getattribute__
    return super().__getattribute__(key)
           ^^^^^^^^^^^^^^^^^^^^^^^^^^^^^
AttributeError: 'Phi3Config' object has no attribute 'head_dim'



2024-08-27 15:18:34,914:ERROR:



Could not determine hidden_dimensions, encountered error:  'Phi3Config' object has no attribute 'head_dim'



Traceback: Traceback (most recent call last):
  File "C:\Users\abhee\OneDrive\Documents\Work_Stuff\LLMs\LARS\web_app\hf_waitress.py", line 874, in health
    model_info["hidden_dimensions"] = str(PIPE.model.config.head_dim)
                                          ^^^^^^^^^^^^^^^^^^^^^^^^^^
  File "C:\Users\abhee\AppData\Local\Programs\Python\Python311\Lib\site-packages\transformers\configuration_utils.py", line 264, in __getattribute__
    return super().__getattribute__(key)
           ^^^^^^^^^^^^^^^^^^^^^^^^^^^^^
AttributeError: 'Phi3Config' object has no attribute 'head_dim'



2024-08-27 15:18:58,567:ERROR:



Could not determine hidden_dimensions, encountered error:  'Phi3Config' object has no attribute 'head_dim'



Traceback: Traceback (most recent call last):
  File "C:\Users\abhee\OneDrive\Documents\Work_Stuff\LLMs\LARS\web_app\hf_waitress.py", line 874, in health
    model_info["hidden_dimensions"] = str(PIPE.model.config.head_dim)
                                          ^^^^^^^^^^^^^^^^^^^^^^^^^^
  File "C:\Users\abhee\AppData\Local\Programs\Python\Python311\Lib\site-packages\transformers\configuration_utils.py", line 264, in __getattribute__
    return super().__getattribute__(key)
           ^^^^^^^^^^^^^^^^^^^^^^^^^^^^^
AttributeError: 'Phi3Config' object has no attribute 'head_dim'



2024-08-27 15:19:10,512:ERROR:



Could not determine hidden_dimensions, encountered error:  'Phi3Config' object has no attribute 'head_dim'



Traceback: Traceback (most recent call last):
  File "C:\Users\abhee\OneDrive\Documents\Work_Stuff\LLMs\LARS\web_app\hf_waitress.py", line 874, in health
    model_info["hidden_dimensions"] = str(PIPE.model.config.head_dim)
                                          ^^^^^^^^^^^^^^^^^^^^^^^^^^
  File "C:\Users\abhee\AppData\Local\Programs\Python\Python311\Lib\site-packages\transformers\configuration_utils.py", line 264, in __getattribute__
    return super().__getattribute__(key)
           ^^^^^^^^^^^^^^^^^^^^^^^^^^^^^
AttributeError: 'Phi3Config' object has no attribute 'head_dim'



2024-08-27 15:20:34,846:ERROR:



Could not determine hidden_dimensions, encountered error:  'Phi3Config' object has no attribute 'head_dim'



Traceback: Traceback (most recent call last):
  File "C:\Users\abhee\OneDrive\Documents\Work_Stuff\LLMs\LARS\web_app\hf_waitress.py", line 874, in health
    model_info["hidden_dimensions"] = str(PIPE.model.config.head_dim)
                                          ^^^^^^^^^^^^^^^^^^^^^^^^^^
  File "C:\Users\abhee\AppData\Local\Programs\Python\Python311\Lib\site-packages\transformers\configuration_utils.py", line 264, in __getattribute__
    return super().__getattribute__(key)
           ^^^^^^^^^^^^^^^^^^^^^^^^^^^^^
AttributeError: 'Phi3Config' object has no attribute 'head_dim'



2024-08-27 15:20:50,792:ERROR:



Could not determine hidden_dimensions, encountered error:  'Phi3Config' object has no attribute 'head_dim'



Traceback: Traceback (most recent call last):
  File "C:\Users\abhee\OneDrive\Documents\Work_Stuff\LLMs\LARS\web_app\hf_waitress.py", line 874, in health
    model_info["hidden_dimensions"] = str(PIPE.model.config.head_dim)
                                          ^^^^^^^^^^^^^^^^^^^^^^^^^^
  File "C:\Users\abhee\AppData\Local\Programs\Python\Python311\Lib\site-packages\transformers\configuration_utils.py", line 264, in __getattribute__
    return super().__getattribute__(key)
           ^^^^^^^^^^^^^^^^^^^^^^^^^^^^^
AttributeError: 'Phi3Config' object has no attribute 'head_dim'



2024-08-27 15:21:04,729:ERROR:



Could not determine hidden_dimensions, encountered error:  'Phi3Config' object has no attribute 'head_dim'



Traceback: Traceback (most recent call last):
  File "C:\Users\abhee\OneDrive\Documents\Work_Stuff\LLMs\LARS\web_app\hf_waitress.py", line 874, in health
    model_info["hidden_dimensions"] = str(PIPE.model.config.head_dim)
                                          ^^^^^^^^^^^^^^^^^^^^^^^^^^
  File "C:\Users\abhee\AppData\Local\Programs\Python\Python311\Lib\site-packages\transformers\configuration_utils.py", line 264, in __getattribute__
    return super().__getattribute__(key)
           ^^^^^^^^^^^^^^^^^^^^^^^^^^^^^
AttributeError: 'Phi3Config' object has no attribute 'head_dim'



2024-08-27 15:23:06,128:ERROR:



Could not determine hidden_dimensions, encountered error:  'Phi3Config' object has no attribute 'head_dim'



Traceback: Traceback (most recent call last):
  File "C:\Users\abhee\OneDrive\Documents\Work_Stuff\LLMs\LARS\web_app\hf_waitress.py", line 874, in health
    model_info["hidden_dimensions"] = str(PIPE.model.config.head_dim)
                                          ^^^^^^^^^^^^^^^^^^^^^^^^^^
  File "C:\Users\abhee\AppData\Local\Programs\Python\Python311\Lib\site-packages\transformers\configuration_utils.py", line 264, in __getattribute__
    return super().__getattribute__(key)
           ^^^^^^^^^^^^^^^^^^^^^^^^^^^^^
AttributeError: 'Phi3Config' object has no attribute 'head_dim'



2024-08-27 15:27:44,225:ERROR:



Could not determine hidden_dimensions, encountered error:  'Phi3Config' object has no attribute 'head_dim'



Traceback: Traceback (most recent call last):
  File "C:\Users\abhee\OneDrive\Documents\Work_Stuff\LLMs\LARS\web_app\hf_waitress.py", line 874, in health
    model_info["hidden_dimensions"] = str(PIPE.model.config.head_dim)
                                          ^^^^^^^^^^^^^^^^^^^^^^^^^^
  File "C:\Users\abhee\AppData\Local\Programs\Python\Python311\Lib\site-packages\transformers\configuration_utils.py", line 264, in __getattribute__
    return super().__getattribute__(key)
           ^^^^^^^^^^^^^^^^^^^^^^^^^^^^^
AttributeError: 'Phi3Config' object has no attribute 'head_dim'



2024-08-27 15:28:01,639:ERROR:



Could not determine hidden_dimensions, encountered error:  'Phi3Config' object has no attribute 'head_dim'



Traceback: Traceback (most recent call last):
  File "C:\Users\abhee\OneDrive\Documents\Work_Stuff\LLMs\LARS\web_app\hf_waitress.py", line 874, in health
    model_info["hidden_dimensions"] = str(PIPE.model.config.head_dim)
                                          ^^^^^^^^^^^^^^^^^^^^^^^^^^
  File "C:\Users\abhee\AppData\Local\Programs\Python\Python311\Lib\site-packages\transformers\configuration_utils.py", line 264, in __getattribute__
    return super().__getattribute__(key)
           ^^^^^^^^^^^^^^^^^^^^^^^^^^^^^
AttributeError: 'Phi3Config' object has no attribute 'head_dim'



2024-08-27 15:28:20,011:ERROR:



Could not determine hidden_dimensions, encountered error:  'Phi3Config' object has no attribute 'head_dim'



Traceback: Traceback (most recent call last):
  File "C:\Users\abhee\OneDrive\Documents\Work_Stuff\LLMs\LARS\web_app\hf_waitress.py", line 874, in health
    model_info["hidden_dimensions"] = str(PIPE.model.config.head_dim)
                                          ^^^^^^^^^^^^^^^^^^^^^^^^^^
  File "C:\Users\abhee\AppData\Local\Programs\Python\Python311\Lib\site-packages\transformers\configuration_utils.py", line 264, in __getattribute__
    return super().__getattribute__(key)
           ^^^^^^^^^^^^^^^^^^^^^^^^^^^^^
AttributeError: 'Phi3Config' object has no attribute 'head_dim'



2024-08-27 15:30:26,537:ERROR:



Could not determine hidden_dimensions, encountered error:  'Phi3Config' object has no attribute 'head_dim'



Traceback: Traceback (most recent call last):
  File "C:\Users\abhee\OneDrive\Documents\Work_Stuff\LLMs\LARS\web_app\hf_waitress.py", line 874, in health
    model_info["hidden_dimensions"] = str(PIPE.model.config.head_dim)
                                          ^^^^^^^^^^^^^^^^^^^^^^^^^^
  File "C:\Users\abhee\AppData\Local\Programs\Python\Python311\Lib\site-packages\transformers\configuration_utils.py", line 264, in __getattribute__
    return super().__getattribute__(key)
           ^^^^^^^^^^^^^^^^^^^^^^^^^^^^^
AttributeError: 'Phi3Config' object has no attribute 'head_dim'



2024-08-27 15:30:37,571:ERROR:



Could not determine hidden_dimensions, encountered error:  'Phi3Config' object has no attribute 'head_dim'



Traceback: Traceback (most recent call last):
  File "C:\Users\abhee\OneDrive\Documents\Work_Stuff\LLMs\LARS\web_app\hf_waitress.py", line 874, in health
    model_info["hidden_dimensions"] = str(PIPE.model.config.head_dim)
                                          ^^^^^^^^^^^^^^^^^^^^^^^^^^
  File "C:\Users\abhee\AppData\Local\Programs\Python\Python311\Lib\site-packages\transformers\configuration_utils.py", line 264, in __getattribute__
    return super().__getattribute__(key)
           ^^^^^^^^^^^^^^^^^^^^^^^^^^^^^
AttributeError: 'Phi3Config' object has no attribute 'head_dim'



2024-08-27 15:30:46,903:ERROR:



Could not determine hidden_dimensions, encountered error:  'Phi3Config' object has no attribute 'head_dim'



Traceback: Traceback (most recent call last):
  File "C:\Users\abhee\OneDrive\Documents\Work_Stuff\LLMs\LARS\web_app\hf_waitress.py", line 874, in health
    model_info["hidden_dimensions"] = str(PIPE.model.config.head_dim)
                                          ^^^^^^^^^^^^^^^^^^^^^^^^^^
  File "C:\Users\abhee\AppData\Local\Programs\Python\Python311\Lib\site-packages\transformers\configuration_utils.py", line 264, in __getattribute__
    return super().__getattribute__(key)
           ^^^^^^^^^^^^^^^^^^^^^^^^^^^^^
AttributeError: 'Phi3Config' object has no attribute 'head_dim'



2024-08-27 15:30:56,886:ERROR:



Could not determine hidden_dimensions, encountered error:  'Phi3Config' object has no attribute 'head_dim'



Traceback: Traceback (most recent call last):
  File "C:\Users\abhee\OneDrive\Documents\Work_Stuff\LLMs\LARS\web_app\hf_waitress.py", line 874, in health
    model_info["hidden_dimensions"] = str(PIPE.model.config.head_dim)
                                          ^^^^^^^^^^^^^^^^^^^^^^^^^^
  File "C:\Users\abhee\AppData\Local\Programs\Python\Python311\Lib\site-packages\transformers\configuration_utils.py", line 264, in __getattribute__
    return super().__getattribute__(key)
           ^^^^^^^^^^^^^^^^^^^^^^^^^^^^^
AttributeError: 'Phi3Config' object has no attribute 'head_dim'



2024-08-27 16:44:11,304:ERROR:



Could not determine hidden_dimensions, encountered error:  'Phi3Config' object has no attribute 'head_dim'



Traceback: Traceback (most recent call last):
  File "C:\Users\abhee\OneDrive\Documents\Work_Stuff\LLMs\LARS\web_app\hf_waitress.py", line 874, in health
    model_info["hidden_dimensions"] = str(PIPE.model.config.head_dim)
                                          ^^^^^^^^^^^^^^^^^^^^^^^^^^
  File "C:\Users\abhee\AppData\Local\Programs\Python\Python311\Lib\site-packages\transformers\configuration_utils.py", line 264, in __getattribute__
    return super().__getattribute__(key)
           ^^^^^^^^^^^^^^^^^^^^^^^^^^^^^
AttributeError: 'Phi3Config' object has no attribute 'head_dim'



2024-08-27 16:47:30,154:ERROR:



Could not determine hidden_dimensions, encountered error:  'Phi3Config' object has no attribute 'head_dim'



Traceback: Traceback (most recent call last):
  File "C:\Users\abhee\OneDrive\Documents\Work_Stuff\LLMs\LARS\web_app\hf_waitress.py", line 874, in health
    model_info["hidden_dimensions"] = str(PIPE.model.config.head_dim)
                                          ^^^^^^^^^^^^^^^^^^^^^^^^^^
  File "C:\Users\abhee\AppData\Local\Programs\Python\Python311\Lib\site-packages\transformers\configuration_utils.py", line 264, in __getattribute__
    return super().__getattribute__(key)
           ^^^^^^^^^^^^^^^^^^^^^^^^^^^^^
AttributeError: 'Phi3Config' object has no attribute 'head_dim'



2024-08-27 16:48:54,278:ERROR:



Could not determine hidden_dimensions, encountered error:  'Phi3Config' object has no attribute 'head_dim'



Traceback: Traceback (most recent call last):
  File "C:\Users\abhee\OneDrive\Documents\Work_Stuff\LLMs\LARS\web_app\hf_waitress.py", line 874, in health
    model_info["hidden_dimensions"] = str(PIPE.model.config.head_dim)
                                          ^^^^^^^^^^^^^^^^^^^^^^^^^^
  File "C:\Users\abhee\AppData\Local\Programs\Python\Python311\Lib\site-packages\transformers\configuration_utils.py", line 264, in __getattribute__
    return super().__getattribute__(key)
           ^^^^^^^^^^^^^^^^^^^^^^^^^^^^^
AttributeError: 'Phi3Config' object has no attribute 'head_dim'



2024-08-27 19:48:29,595:ERROR:



Could not determine hidden_dimensions, encountered error:  'Phi3Config' object has no attribute 'head_dim'



Traceback: Traceback (most recent call last):
  File "C:\Users\abhee\OneDrive\Documents\Work_Stuff\LLMs\LARS\web_app\hf_waitress.py", line 874, in health
    model_info["hidden_dimensions"] = str(PIPE.model.config.head_dim)
                                          ^^^^^^^^^^^^^^^^^^^^^^^^^^
  File "C:\Users\abhee\AppData\Local\Programs\Python\Python311\Lib\site-packages\transformers\configuration_utils.py", line 264, in __getattribute__
    return super().__getattribute__(key)
           ^^^^^^^^^^^^^^^^^^^^^^^^^^^^^
AttributeError: 'Phi3Config' object has no attribute 'head_dim'



2024-08-27 19:49:14,119:ERROR:



Could not determine hidden_dimensions, encountered error:  'Phi3Config' object has no attribute 'head_dim'



Traceback: Traceback (most recent call last):
  File "C:\Users\abhee\OneDrive\Documents\Work_Stuff\LLMs\LARS\web_app\hf_waitress.py", line 874, in health
    model_info["hidden_dimensions"] = str(PIPE.model.config.head_dim)
                                          ^^^^^^^^^^^^^^^^^^^^^^^^^^
  File "C:\Users\abhee\AppData\Local\Programs\Python\Python311\Lib\site-packages\transformers\configuration_utils.py", line 264, in __getattribute__
    return super().__getattribute__(key)
           ^^^^^^^^^^^^^^^^^^^^^^^^^^^^^
AttributeError: 'Phi3Config' object has no attribute 'head_dim'



2024-08-27 19:49:24,131:ERROR:



Could not determine hidden_dimensions, encountered error:  'Phi3Config' object has no attribute 'head_dim'



Traceback: Traceback (most recent call last):
  File "C:\Users\abhee\OneDrive\Documents\Work_Stuff\LLMs\LARS\web_app\hf_waitress.py", line 874, in health
    model_info["hidden_dimensions"] = str(PIPE.model.config.head_dim)
                                          ^^^^^^^^^^^^^^^^^^^^^^^^^^
  File "C:\Users\abhee\AppData\Local\Programs\Python\Python311\Lib\site-packages\transformers\configuration_utils.py", line 264, in __getattribute__
    return super().__getattribute__(key)
           ^^^^^^^^^^^^^^^^^^^^^^^^^^^^^
AttributeError: 'Phi3Config' object has no attribute 'head_dim'



2024-08-27 23:50:22,277:ERROR:



Could not determine hidden_dimensions, encountered error:  'Phi3Config' object has no attribute 'head_dim'



Traceback: Traceback (most recent call last):
  File "C:\Users\abhee\OneDrive\Documents\Work_Stuff\LLMs\LARS\web_app\hf_waitress.py", line 874, in health
    model_info["hidden_dimensions"] = str(PIPE.model.config.head_dim)
                                          ^^^^^^^^^^^^^^^^^^^^^^^^^^
  File "C:\Users\abhee\AppData\Local\Programs\Python\Python311\Lib\site-packages\transformers\configuration_utils.py", line 264, in __getattribute__
    return super().__getattribute__(key)
           ^^^^^^^^^^^^^^^^^^^^^^^^^^^^^
AttributeError: 'Phi3Config' object has no attribute 'head_dim'



2024-08-28 00:01:15,059:ERROR:



Could not determine hidden_dimensions, encountered error:  'Phi3Config' object has no attribute 'head_dim'



Traceback: Traceback (most recent call last):
  File "C:\Users\abhee\OneDrive\Documents\Work_Stuff\LLMs\LARS\web_app\hf_waitress.py", line 874, in health
    model_info["hidden_dimensions"] = str(PIPE.model.config.head_dim)
                                          ^^^^^^^^^^^^^^^^^^^^^^^^^^
  File "C:\Users\abhee\AppData\Local\Programs\Python\Python311\Lib\site-packages\transformers\configuration_utils.py", line 264, in __getattribute__
    return super().__getattribute__(key)
           ^^^^^^^^^^^^^^^^^^^^^^^^^^^^^
AttributeError: 'Phi3Config' object has no attribute 'head_dim'



2024-08-28 00:01:50,505:ERROR:



Could not obtain torch dtype object, check if the value passed is correct. Setting to auto and proceeding. ; No exception info.



Traceback: NoneType: None



2024-08-28 14:43:00,938:ERROR:



Could not determine hidden_dimensions, encountered error:  'Phi3Config' object has no attribute 'head_dim'



Traceback: Traceback (most recent call last):
  File "C:\Users\abhee\OneDrive\Documents\Work_Stuff\LLMs\LARS\web_app\hf_waitress.py", line 874, in health
    model_info["hidden_dimensions"] = str(PIPE.model.config.head_dim)
                                          ^^^^^^^^^^^^^^^^^^^^^^^^^^
  File "C:\Users\abhee\AppData\Local\Programs\Python\Python311\Lib\site-packages\transformers\configuration_utils.py", line 264, in __getattribute__
    return super().__getattribute__(key)
           ^^^^^^^^^^^^^^^^^^^^^^^^^^^^^
AttributeError: 'Phi3Config' object has no attribute 'head_dim'



2024-08-28 14:48:54,813:ERROR:



Could not determine hidden_dimensions, encountered error:  'Phi3Config' object has no attribute 'head_dim'



Traceback: Traceback (most recent call last):
  File "C:\Users\abhee\OneDrive\Documents\Work_Stuff\LLMs\LARS\web_app\hf_waitress.py", line 874, in health
    model_info["hidden_dimensions"] = str(PIPE.model.config.head_dim)
                                          ^^^^^^^^^^^^^^^^^^^^^^^^^^
  File "C:\Users\abhee\AppData\Local\Programs\Python\Python311\Lib\site-packages\transformers\configuration_utils.py", line 264, in __getattribute__
    return super().__getattribute__(key)
           ^^^^^^^^^^^^^^^^^^^^^^^^^^^^^
AttributeError: 'Phi3Config' object has no attribute 'head_dim'



2024-08-28 14:49:01,655:ERROR:



Could not read POST-request messages for /completions_stream, encountered error:  415 Unsupported Media Type: Did not attempt to load JSON data because the request Content-Type was not 'application/json'.



Traceback: Traceback (most recent call last):
  File "C:\Users\abhee\OneDrive\Documents\Work_Stuff\LLMs\LARS\web_app\hf_waitress.py", line 701, in completions_stream
    data = request.json
           ^^^^^^^^^^^^
  File "C:\Users\abhee\AppData\Local\Programs\Python\Python311\Lib\site-packages\werkzeug\wrappers\request.py", line 558, in json
    return self.get_json()
           ^^^^^^^^^^^^^^^
  File "C:\Users\abhee\AppData\Local\Programs\Python\Python311\Lib\site-packages\werkzeug\wrappers\request.py", line 604, in get_json
    return self.on_json_loading_failed(None)
           ^^^^^^^^^^^^^^^^^^^^^^^^^^^^^^^^^
  File "C:\Users\abhee\AppData\Local\Programs\Python\Python311\Lib\site-packages\flask\wrappers.py", line 130, in on_json_loading_failed
    return super().on_json_loading_failed(e)
           ^^^^^^^^^^^^^^^^^^^^^^^^^^^^^^^^^
  File "C:\Users\abhee\AppData\Local\Programs\Python\Python311\Lib\site-packages\werkzeug\wrappers\request.py", line 647, in on_json_loading_failed
    raise UnsupportedMediaType(
werkzeug.exceptions.UnsupportedMediaType: 415 Unsupported Media Type: Did not attempt to load JSON data because the request Content-Type was not 'application/json'.



2024-08-28 14:50:27,870:ERROR:



Could not determine hidden_dimensions, encountered error:  'Phi3Config' object has no attribute 'head_dim'



Traceback: Traceback (most recent call last):
  File "C:\Users\abhee\OneDrive\Documents\Work_Stuff\LLMs\LARS\web_app\hf_waitress.py", line 874, in health
    model_info["hidden_dimensions"] = str(PIPE.model.config.head_dim)
                                          ^^^^^^^^^^^^^^^^^^^^^^^^^^
  File "C:\Users\abhee\AppData\Local\Programs\Python\Python311\Lib\site-packages\transformers\configuration_utils.py", line 264, in __getattribute__
    return super().__getattribute__(key)
           ^^^^^^^^^^^^^^^^^^^^^^^^^^^^^
AttributeError: 'Phi3Config' object has no attribute 'head_dim'



2024-08-28 14:50:33,131:ERROR:



Could not read POST-request messages for /completions_stream, encountered error:  415 Unsupported Media Type: Did not attempt to load JSON data because the request Content-Type was not 'application/json'.



Traceback: Traceback (most recent call last):
  File "C:\Users\abhee\OneDrive\Documents\Work_Stuff\LLMs\LARS\web_app\hf_waitress.py", line 701, in completions_stream
    data = request.json
           ^^^^^^^^^^^^
  File "C:\Users\abhee\AppData\Local\Programs\Python\Python311\Lib\site-packages\werkzeug\wrappers\request.py", line 558, in json
    return self.get_json()
           ^^^^^^^^^^^^^^^
  File "C:\Users\abhee\AppData\Local\Programs\Python\Python311\Lib\site-packages\werkzeug\wrappers\request.py", line 604, in get_json
    return self.on_json_loading_failed(None)
           ^^^^^^^^^^^^^^^^^^^^^^^^^^^^^^^^^
  File "C:\Users\abhee\AppData\Local\Programs\Python\Python311\Lib\site-packages\flask\wrappers.py", line 130, in on_json_loading_failed
    return super().on_json_loading_failed(e)
           ^^^^^^^^^^^^^^^^^^^^^^^^^^^^^^^^^
  File "C:\Users\abhee\AppData\Local\Programs\Python\Python311\Lib\site-packages\werkzeug\wrappers\request.py", line 647, in on_json_loading_failed
    raise UnsupportedMediaType(
werkzeug.exceptions.UnsupportedMediaType: 415 Unsupported Media Type: Did not attempt to load JSON data because the request Content-Type was not 'application/json'.



2024-08-28 14:51:55,792:ERROR:



Could not determine hidden_dimensions, encountered error:  'Phi3Config' object has no attribute 'head_dim'



Traceback: Traceback (most recent call last):
  File "C:\Users\abhee\OneDrive\Documents\Work_Stuff\LLMs\LARS\web_app\hf_waitress.py", line 874, in health
    model_info["hidden_dimensions"] = str(PIPE.model.config.head_dim)
                                          ^^^^^^^^^^^^^^^^^^^^^^^^^^
  File "C:\Users\abhee\AppData\Local\Programs\Python\Python311\Lib\site-packages\transformers\configuration_utils.py", line 264, in __getattribute__
    return super().__getattribute__(key)
           ^^^^^^^^^^^^^^^^^^^^^^^^^^^^^
AttributeError: 'Phi3Config' object has no attribute 'head_dim'



2024-08-28 14:52:04,690:ERROR:



Could not read POST-request messages for /completions_stream, encountered error:  415 Unsupported Media Type: Did not attempt to load JSON data because the request Content-Type was not 'application/json'.



Traceback: Traceback (most recent call last):
  File "C:\Users\abhee\OneDrive\Documents\Work_Stuff\LLMs\LARS\web_app\hf_waitress.py", line 701, in completions_stream
    data = request.json
           ^^^^^^^^^^^^
  File "C:\Users\abhee\AppData\Local\Programs\Python\Python311\Lib\site-packages\werkzeug\wrappers\request.py", line 558, in json
    return self.get_json()
           ^^^^^^^^^^^^^^^
  File "C:\Users\abhee\AppData\Local\Programs\Python\Python311\Lib\site-packages\werkzeug\wrappers\request.py", line 604, in get_json
    return self.on_json_loading_failed(None)
           ^^^^^^^^^^^^^^^^^^^^^^^^^^^^^^^^^
  File "C:\Users\abhee\AppData\Local\Programs\Python\Python311\Lib\site-packages\flask\wrappers.py", line 130, in on_json_loading_failed
    return super().on_json_loading_failed(e)
           ^^^^^^^^^^^^^^^^^^^^^^^^^^^^^^^^^
  File "C:\Users\abhee\AppData\Local\Programs\Python\Python311\Lib\site-packages\werkzeug\wrappers\request.py", line 647, in on_json_loading_failed
    raise UnsupportedMediaType(
werkzeug.exceptions.UnsupportedMediaType: 415 Unsupported Media Type: Did not attempt to load JSON data because the request Content-Type was not 'application/json'.



2024-08-28 14:54:25,410:ERROR:



Could not determine hidden_dimensions, encountered error:  'Phi3Config' object has no attribute 'head_dim'



Traceback: Traceback (most recent call last):
  File "C:\Users\abhee\OneDrive\Documents\Work_Stuff\LLMs\LARS\web_app\hf_waitress.py", line 874, in health
    model_info["hidden_dimensions"] = str(PIPE.model.config.head_dim)
                                          ^^^^^^^^^^^^^^^^^^^^^^^^^^
  File "C:\Users\abhee\AppData\Local\Programs\Python\Python311\Lib\site-packages\transformers\configuration_utils.py", line 264, in __getattribute__
    return super().__getattribute__(key)
           ^^^^^^^^^^^^^^^^^^^^^^^^^^^^^
AttributeError: 'Phi3Config' object has no attribute 'head_dim'



2024-08-28 14:54:30,510:ERROR:



Could not read POST-request messages for /completions_stream, encountered error:  415 Unsupported Media Type: Did not attempt to load JSON data because the request Content-Type was not 'application/json'.



Traceback: Traceback (most recent call last):
  File "C:\Users\abhee\OneDrive\Documents\Work_Stuff\LLMs\LARS\web_app\hf_waitress.py", line 701, in completions_stream
    data = request.json
           ^^^^^^^^^^^^
  File "C:\Users\abhee\AppData\Local\Programs\Python\Python311\Lib\site-packages\werkzeug\wrappers\request.py", line 558, in json
    return self.get_json()
           ^^^^^^^^^^^^^^^
  File "C:\Users\abhee\AppData\Local\Programs\Python\Python311\Lib\site-packages\werkzeug\wrappers\request.py", line 604, in get_json
    return self.on_json_loading_failed(None)
           ^^^^^^^^^^^^^^^^^^^^^^^^^^^^^^^^^
  File "C:\Users\abhee\AppData\Local\Programs\Python\Python311\Lib\site-packages\flask\wrappers.py", line 130, in on_json_loading_failed
    return super().on_json_loading_failed(e)
           ^^^^^^^^^^^^^^^^^^^^^^^^^^^^^^^^^
  File "C:\Users\abhee\AppData\Local\Programs\Python\Python311\Lib\site-packages\werkzeug\wrappers\request.py", line 647, in on_json_loading_failed
    raise UnsupportedMediaType(
werkzeug.exceptions.UnsupportedMediaType: 415 Unsupported Media Type: Did not attempt to load JSON data because the request Content-Type was not 'application/json'.



2024-08-28 14:55:29,679:ERROR:



Could not determine hidden_dimensions, encountered error:  'Phi3Config' object has no attribute 'head_dim'



Traceback: Traceback (most recent call last):
  File "C:\Users\abhee\OneDrive\Documents\Work_Stuff\LLMs\LARS\web_app\hf_waitress.py", line 874, in health
    model_info["hidden_dimensions"] = str(PIPE.model.config.head_dim)
                                          ^^^^^^^^^^^^^^^^^^^^^^^^^^
  File "C:\Users\abhee\AppData\Local\Programs\Python\Python311\Lib\site-packages\transformers\configuration_utils.py", line 264, in __getattribute__
    return super().__getattribute__(key)
           ^^^^^^^^^^^^^^^^^^^^^^^^^^^^^
AttributeError: 'Phi3Config' object has no attribute 'head_dim'



2024-08-28 14:55:32,578:ERROR:



Could not read POST-request messages for /completions_stream, encountered error:  415 Unsupported Media Type: Did not attempt to load JSON data because the request Content-Type was not 'application/json'.



Traceback: Traceback (most recent call last):
  File "C:\Users\abhee\OneDrive\Documents\Work_Stuff\LLMs\LARS\web_app\hf_waitress.py", line 701, in completions_stream
    data = request.json
           ^^^^^^^^^^^^
  File "C:\Users\abhee\AppData\Local\Programs\Python\Python311\Lib\site-packages\werkzeug\wrappers\request.py", line 558, in json
    return self.get_json()
           ^^^^^^^^^^^^^^^
  File "C:\Users\abhee\AppData\Local\Programs\Python\Python311\Lib\site-packages\werkzeug\wrappers\request.py", line 604, in get_json
    return self.on_json_loading_failed(None)
           ^^^^^^^^^^^^^^^^^^^^^^^^^^^^^^^^^
  File "C:\Users\abhee\AppData\Local\Programs\Python\Python311\Lib\site-packages\flask\wrappers.py", line 130, in on_json_loading_failed
    return super().on_json_loading_failed(e)
           ^^^^^^^^^^^^^^^^^^^^^^^^^^^^^^^^^
  File "C:\Users\abhee\AppData\Local\Programs\Python\Python311\Lib\site-packages\werkzeug\wrappers\request.py", line 647, in on_json_loading_failed
    raise UnsupportedMediaType(
werkzeug.exceptions.UnsupportedMediaType: 415 Unsupported Media Type: Did not attempt to load JSON data because the request Content-Type was not 'application/json'.



2024-08-28 14:57:52,873:ERROR:



Could not determine hidden_dimensions, encountered error:  'Phi3Config' object has no attribute 'head_dim'



Traceback: Traceback (most recent call last):
  File "C:\Users\abhee\OneDrive\Documents\Work_Stuff\LLMs\LARS\web_app\hf_waitress.py", line 874, in health
    model_info["hidden_dimensions"] = str(PIPE.model.config.head_dim)
                                          ^^^^^^^^^^^^^^^^^^^^^^^^^^
  File "C:\Users\abhee\AppData\Local\Programs\Python\Python311\Lib\site-packages\transformers\configuration_utils.py", line 264, in __getattribute__
    return super().__getattribute__(key)
           ^^^^^^^^^^^^^^^^^^^^^^^^^^^^^
AttributeError: 'Phi3Config' object has no attribute 'head_dim'



2024-08-28 14:57:57,345:ERROR:



Could not read POST-request messages for /completions_stream, encountered error:  415 Unsupported Media Type: Did not attempt to load JSON data because the request Content-Type was not 'application/json'.



Traceback: Traceback (most recent call last):
  File "C:\Users\abhee\OneDrive\Documents\Work_Stuff\LLMs\LARS\web_app\hf_waitress.py", line 701, in completions_stream
    data = request.json
           ^^^^^^^^^^^^
  File "C:\Users\abhee\AppData\Local\Programs\Python\Python311\Lib\site-packages\werkzeug\wrappers\request.py", line 558, in json
    return self.get_json()
           ^^^^^^^^^^^^^^^
  File "C:\Users\abhee\AppData\Local\Programs\Python\Python311\Lib\site-packages\werkzeug\wrappers\request.py", line 604, in get_json
    return self.on_json_loading_failed(None)
           ^^^^^^^^^^^^^^^^^^^^^^^^^^^^^^^^^
  File "C:\Users\abhee\AppData\Local\Programs\Python\Python311\Lib\site-packages\flask\wrappers.py", line 130, in on_json_loading_failed
    return super().on_json_loading_failed(e)
           ^^^^^^^^^^^^^^^^^^^^^^^^^^^^^^^^^
  File "C:\Users\abhee\AppData\Local\Programs\Python\Python311\Lib\site-packages\werkzeug\wrappers\request.py", line 647, in on_json_loading_failed
    raise UnsupportedMediaType(
werkzeug.exceptions.UnsupportedMediaType: 415 Unsupported Media Type: Did not attempt to load JSON data because the request Content-Type was not 'application/json'.



2024-08-28 15:01:17,040:ERROR:



Could not determine hidden_dimensions, encountered error:  'Phi3Config' object has no attribute 'head_dim'



Traceback: Traceback (most recent call last):
  File "C:\Users\abhee\OneDrive\Documents\Work_Stuff\LLMs\LARS\web_app\hf_waitress.py", line 874, in health
    model_info["hidden_dimensions"] = str(PIPE.model.config.head_dim)
                                          ^^^^^^^^^^^^^^^^^^^^^^^^^^
  File "C:\Users\abhee\AppData\Local\Programs\Python\Python311\Lib\site-packages\transformers\configuration_utils.py", line 264, in __getattribute__
    return super().__getattribute__(key)
           ^^^^^^^^^^^^^^^^^^^^^^^^^^^^^
AttributeError: 'Phi3Config' object has no attribute 'head_dim'



2024-08-28 15:01:22,492:ERROR:



Could not read POST-request messages for /completions_stream, encountered error:  'str' object has no attribute 'get'



Traceback: Traceback (most recent call last):
  File "C:\Users\abhee\OneDrive\Documents\Work_Stuff\LLMs\LARS\web_app\hf_waitress.py", line 702, in completions_stream
    messages = data.get('messages', [])
               ^^^^^^^^
AttributeError: 'str' object has no attribute 'get'



2024-08-28 15:05:48,369:ERROR:



Could not determine hidden_dimensions, encountered error:  'Phi3Config' object has no attribute 'head_dim'



Traceback: Traceback (most recent call last):
  File "C:\Users\abhee\OneDrive\Documents\Work_Stuff\LLMs\LARS\web_app\hf_waitress.py", line 874, in health
    model_info["hidden_dimensions"] = str(PIPE.model.config.head_dim)
                                          ^^^^^^^^^^^^^^^^^^^^^^^^^^
  File "C:\Users\abhee\AppData\Local\Programs\Python\Python311\Lib\site-packages\transformers\configuration_utils.py", line 264, in __getattribute__
    return super().__getattribute__(key)
           ^^^^^^^^^^^^^^^^^^^^^^^^^^^^^
AttributeError: 'Phi3Config' object has no attribute 'head_dim'



2024-08-28 15:05:53,591:ERROR:



Could not read POST-request messages for /completions_stream, encountered error:  'str' object has no attribute 'get'



Traceback: Traceback (most recent call last):
  File "C:\Users\abhee\OneDrive\Documents\Work_Stuff\LLMs\LARS\web_app\hf_waitress.py", line 702, in completions_stream
    messages = data.get('messages', [])
               ^^^^^^^^
AttributeError: 'str' object has no attribute 'get'



2024-08-28 15:06:15,072:ERROR:



Could not read POST-request messages for /completions_stream, encountered error:  415 Unsupported Media Type: Did not attempt to load JSON data because the request Content-Type was not 'application/json'.



Traceback: Traceback (most recent call last):
  File "C:\Users\abhee\OneDrive\Documents\Work_Stuff\LLMs\LARS\web_app\hf_waitress.py", line 701, in completions_stream
    data = request.json
           ^^^^^^^^^^^^
  File "C:\Users\abhee\AppData\Local\Programs\Python\Python311\Lib\site-packages\werkzeug\wrappers\request.py", line 558, in json
    return self.get_json()
           ^^^^^^^^^^^^^^^
  File "C:\Users\abhee\AppData\Local\Programs\Python\Python311\Lib\site-packages\werkzeug\wrappers\request.py", line 604, in get_json
    return self.on_json_loading_failed(None)
           ^^^^^^^^^^^^^^^^^^^^^^^^^^^^^^^^^
  File "C:\Users\abhee\AppData\Local\Programs\Python\Python311\Lib\site-packages\flask\wrappers.py", line 130, in on_json_loading_failed
    return super().on_json_loading_failed(e)
           ^^^^^^^^^^^^^^^^^^^^^^^^^^^^^^^^^
  File "C:\Users\abhee\AppData\Local\Programs\Python\Python311\Lib\site-packages\werkzeug\wrappers\request.py", line 647, in on_json_loading_failed
    raise UnsupportedMediaType(
werkzeug.exceptions.UnsupportedMediaType: 415 Unsupported Media Type: Did not attempt to load JSON data because the request Content-Type was not 'application/json'.



2024-08-28 15:08:41,586:ERROR:



Could not determine hidden_dimensions, encountered error:  'Phi3Config' object has no attribute 'head_dim'



Traceback: Traceback (most recent call last):
  File "C:\Users\abhee\OneDrive\Documents\Work_Stuff\LLMs\LARS\web_app\hf_waitress.py", line 874, in health
    model_info["hidden_dimensions"] = str(PIPE.model.config.head_dim)
                                          ^^^^^^^^^^^^^^^^^^^^^^^^^^
  File "C:\Users\abhee\AppData\Local\Programs\Python\Python311\Lib\site-packages\transformers\configuration_utils.py", line 264, in __getattribute__
    return super().__getattribute__(key)
           ^^^^^^^^^^^^^^^^^^^^^^^^^^^^^
AttributeError: 'Phi3Config' object has no attribute 'head_dim'



2024-08-28 15:14:49,058:ERROR:



Could not determine hidden_dimensions, encountered error:  'Phi3Config' object has no attribute 'head_dim'



Traceback: Traceback (most recent call last):
  File "C:\Users\abhee\OneDrive\Documents\Work_Stuff\LLMs\LARS\web_app\hf_waitress.py", line 874, in health
    model_info["hidden_dimensions"] = str(PIPE.model.config.head_dim)
                                          ^^^^^^^^^^^^^^^^^^^^^^^^^^
  File "C:\Users\abhee\AppData\Local\Programs\Python\Python311\Lib\site-packages\transformers\configuration_utils.py", line 264, in __getattribute__
    return super().__getattribute__(key)
           ^^^^^^^^^^^^^^^^^^^^^^^^^^^^^
AttributeError: 'Phi3Config' object has no attribute 'head_dim'



2024-08-28 15:17:00,271:ERROR:



Could not determine hidden_dimensions, encountered error:  'Phi3Config' object has no attribute 'head_dim'



Traceback: Traceback (most recent call last):
  File "C:\Users\abhee\OneDrive\Documents\Work_Stuff\LLMs\LARS\web_app\hf_waitress.py", line 874, in health
    model_info["hidden_dimensions"] = str(PIPE.model.config.head_dim)
                                          ^^^^^^^^^^^^^^^^^^^^^^^^^^
  File "C:\Users\abhee\AppData\Local\Programs\Python\Python311\Lib\site-packages\transformers\configuration_utils.py", line 264, in __getattribute__
    return super().__getattribute__(key)
           ^^^^^^^^^^^^^^^^^^^^^^^^^^^^^
AttributeError: 'Phi3Config' object has no attribute 'head_dim'



2024-08-28 15:19:30,015:ERROR:



Could not determine hidden_dimensions, encountered error:  'Phi3Config' object has no attribute 'head_dim'



Traceback: Traceback (most recent call last):
  File "C:\Users\abhee\OneDrive\Documents\Work_Stuff\LLMs\LARS\web_app\hf_waitress.py", line 874, in health
    model_info["hidden_dimensions"] = str(PIPE.model.config.head_dim)
                                          ^^^^^^^^^^^^^^^^^^^^^^^^^^
  File "C:\Users\abhee\AppData\Local\Programs\Python\Python311\Lib\site-packages\transformers\configuration_utils.py", line 264, in __getattribute__
    return super().__getattribute__(key)
           ^^^^^^^^^^^^^^^^^^^^^^^^^^^^^
AttributeError: 'Phi3Config' object has no attribute 'head_dim'



2024-08-28 15:20:26,079:ERROR:



Could not determine hidden_dimensions, encountered error:  'Phi3Config' object has no attribute 'head_dim'



Traceback: Traceback (most recent call last):
  File "C:\Users\abhee\OneDrive\Documents\Work_Stuff\LLMs\LARS\web_app\hf_waitress.py", line 874, in health
    model_info["hidden_dimensions"] = str(PIPE.model.config.head_dim)
                                          ^^^^^^^^^^^^^^^^^^^^^^^^^^
  File "C:\Users\abhee\AppData\Local\Programs\Python\Python311\Lib\site-packages\transformers\configuration_utils.py", line 264, in __getattribute__
    return super().__getattribute__(key)
           ^^^^^^^^^^^^^^^^^^^^^^^^^^^^^
AttributeError: 'Phi3Config' object has no attribute 'head_dim'



2024-08-28 15:21:23,826:ERROR:



Could not determine hidden_dimensions, encountered error:  'Phi3Config' object has no attribute 'head_dim'



Traceback: Traceback (most recent call last):
  File "C:\Users\abhee\OneDrive\Documents\Work_Stuff\LLMs\LARS\web_app\hf_waitress.py", line 874, in health
    model_info["hidden_dimensions"] = str(PIPE.model.config.head_dim)
                                          ^^^^^^^^^^^^^^^^^^^^^^^^^^
  File "C:\Users\abhee\AppData\Local\Programs\Python\Python311\Lib\site-packages\transformers\configuration_utils.py", line 264, in __getattribute__
    return super().__getattribute__(key)
           ^^^^^^^^^^^^^^^^^^^^^^^^^^^^^
AttributeError: 'Phi3Config' object has no attribute 'head_dim'



2024-08-28 15:22:13,461:ERROR:



Could not determine hidden_dimensions, encountered error:  'Phi3Config' object has no attribute 'head_dim'



Traceback: Traceback (most recent call last):
  File "C:\Users\abhee\OneDrive\Documents\Work_Stuff\LLMs\LARS\web_app\hf_waitress.py", line 874, in health
    model_info["hidden_dimensions"] = str(PIPE.model.config.head_dim)
                                          ^^^^^^^^^^^^^^^^^^^^^^^^^^
  File "C:\Users\abhee\AppData\Local\Programs\Python\Python311\Lib\site-packages\transformers\configuration_utils.py", line 264, in __getattribute__
    return super().__getattribute__(key)
           ^^^^^^^^^^^^^^^^^^^^^^^^^^^^^
AttributeError: 'Phi3Config' object has no attribute 'head_dim'



2024-08-28 15:23:40,453:ERROR:



Could not determine hidden_dimensions, encountered error:  'Phi3Config' object has no attribute 'head_dim'



Traceback: Traceback (most recent call last):
  File "C:\Users\abhee\OneDrive\Documents\Work_Stuff\LLMs\LARS\web_app\hf_waitress.py", line 874, in health
    model_info["hidden_dimensions"] = str(PIPE.model.config.head_dim)
                                          ^^^^^^^^^^^^^^^^^^^^^^^^^^
  File "C:\Users\abhee\AppData\Local\Programs\Python\Python311\Lib\site-packages\transformers\configuration_utils.py", line 264, in __getattribute__
    return super().__getattribute__(key)
           ^^^^^^^^^^^^^^^^^^^^^^^^^^^^^
AttributeError: 'Phi3Config' object has no attribute 'head_dim'



2024-08-28 15:28:00,517:ERROR:



Could not determine hidden_dimensions, encountered error:  'Phi3Config' object has no attribute 'head_dim'



Traceback: Traceback (most recent call last):
  File "C:\Users\abhee\OneDrive\Documents\Work_Stuff\LLMs\LARS\web_app\hf_waitress.py", line 874, in health
    model_info["hidden_dimensions"] = str(PIPE.model.config.head_dim)
                                          ^^^^^^^^^^^^^^^^^^^^^^^^^^
  File "C:\Users\abhee\AppData\Local\Programs\Python\Python311\Lib\site-packages\transformers\configuration_utils.py", line 264, in __getattribute__
    return super().__getattribute__(key)
           ^^^^^^^^^^^^^^^^^^^^^^^^^^^^^
AttributeError: 'Phi3Config' object has no attribute 'head_dim'



2024-08-28 15:34:06,738:ERROR:



Could not determine hidden_dimensions, encountered error:  'Phi3Config' object has no attribute 'head_dim'



Traceback: Traceback (most recent call last):
  File "C:\Users\abhee\OneDrive\Documents\Work_Stuff\LLMs\LARS\web_app\hf_waitress.py", line 874, in health
    model_info["hidden_dimensions"] = str(PIPE.model.config.head_dim)
                                          ^^^^^^^^^^^^^^^^^^^^^^^^^^
  File "C:\Users\abhee\AppData\Local\Programs\Python\Python311\Lib\site-packages\transformers\configuration_utils.py", line 264, in __getattribute__
    return super().__getattribute__(key)
           ^^^^^^^^^^^^^^^^^^^^^^^^^^^^^
AttributeError: 'Phi3Config' object has no attribute 'head_dim'



2024-08-28 15:35:54,255:ERROR:



Could not determine hidden_dimensions, encountered error:  'Phi3Config' object has no attribute 'head_dim'



Traceback: Traceback (most recent call last):
  File "C:\Users\abhee\OneDrive\Documents\Work_Stuff\LLMs\LARS\web_app\hf_waitress.py", line 874, in health
    model_info["hidden_dimensions"] = str(PIPE.model.config.head_dim)
                                          ^^^^^^^^^^^^^^^^^^^^^^^^^^
  File "C:\Users\abhee\AppData\Local\Programs\Python\Python311\Lib\site-packages\transformers\configuration_utils.py", line 264, in __getattribute__
    return super().__getattribute__(key)
           ^^^^^^^^^^^^^^^^^^^^^^^^^^^^^
AttributeError: 'Phi3Config' object has no attribute 'head_dim'



2024-08-28 15:38:10,154:ERROR:



Could not determine hidden_dimensions, encountered error:  'Phi3Config' object has no attribute 'head_dim'



Traceback: Traceback (most recent call last):
  File "C:\Users\abhee\OneDrive\Documents\Work_Stuff\LLMs\LARS\web_app\hf_waitress.py", line 874, in health
    model_info["hidden_dimensions"] = str(PIPE.model.config.head_dim)
                                          ^^^^^^^^^^^^^^^^^^^^^^^^^^
  File "C:\Users\abhee\AppData\Local\Programs\Python\Python311\Lib\site-packages\transformers\configuration_utils.py", line 264, in __getattribute__
    return super().__getattribute__(key)
           ^^^^^^^^^^^^^^^^^^^^^^^^^^^^^
AttributeError: 'Phi3Config' object has no attribute 'head_dim'



2024-08-28 15:39:01,242:ERROR:



Could not determine hidden_dimensions, encountered error:  'Phi3Config' object has no attribute 'head_dim'



Traceback: Traceback (most recent call last):
  File "C:\Users\abhee\OneDrive\Documents\Work_Stuff\LLMs\LARS\web_app\hf_waitress.py", line 874, in health
    model_info["hidden_dimensions"] = str(PIPE.model.config.head_dim)
                                          ^^^^^^^^^^^^^^^^^^^^^^^^^^
  File "C:\Users\abhee\AppData\Local\Programs\Python\Python311\Lib\site-packages\transformers\configuration_utils.py", line 264, in __getattribute__
    return super().__getattribute__(key)
           ^^^^^^^^^^^^^^^^^^^^^^^^^^^^^
AttributeError: 'Phi3Config' object has no attribute 'head_dim'



2024-08-28 15:41:31,015:ERROR:



Could not determine hidden_dimensions, encountered error:  'Phi3Config' object has no attribute 'head_dim'



Traceback: Traceback (most recent call last):
  File "C:\Users\abhee\OneDrive\Documents\Work_Stuff\LLMs\LARS\web_app\hf_waitress.py", line 874, in health
    model_info["hidden_dimensions"] = str(PIPE.model.config.head_dim)
                                          ^^^^^^^^^^^^^^^^^^^^^^^^^^
  File "C:\Users\abhee\AppData\Local\Programs\Python\Python311\Lib\site-packages\transformers\configuration_utils.py", line 264, in __getattribute__
    return super().__getattribute__(key)
           ^^^^^^^^^^^^^^^^^^^^^^^^^^^^^
AttributeError: 'Phi3Config' object has no attribute 'head_dim'



2024-08-28 15:46:59,740:ERROR:



Could not determine hidden_dimensions, encountered error:  'Phi3Config' object has no attribute 'head_dim'



Traceback: Traceback (most recent call last):
  File "C:\Users\abhee\OneDrive\Documents\Work_Stuff\LLMs\LARS\web_app\hf_waitress.py", line 874, in health
    model_info["hidden_dimensions"] = str(PIPE.model.config.head_dim)
                                          ^^^^^^^^^^^^^^^^^^^^^^^^^^
  File "C:\Users\abhee\AppData\Local\Programs\Python\Python311\Lib\site-packages\transformers\configuration_utils.py", line 264, in __getattribute__
    return super().__getattribute__(key)
           ^^^^^^^^^^^^^^^^^^^^^^^^^^^^^
AttributeError: 'Phi3Config' object has no attribute 'head_dim'



2024-08-28 15:49:29,311:ERROR:



Could not determine hidden_dimensions, encountered error:  'Phi3Config' object has no attribute 'head_dim'



Traceback: Traceback (most recent call last):
  File "C:\Users\abhee\OneDrive\Documents\Work_Stuff\LLMs\LARS\web_app\hf_waitress.py", line 874, in health
    model_info["hidden_dimensions"] = str(PIPE.model.config.head_dim)
                                          ^^^^^^^^^^^^^^^^^^^^^^^^^^
  File "C:\Users\abhee\AppData\Local\Programs\Python\Python311\Lib\site-packages\transformers\configuration_utils.py", line 264, in __getattribute__
    return super().__getattribute__(key)
           ^^^^^^^^^^^^^^^^^^^^^^^^^^^^^
AttributeError: 'Phi3Config' object has no attribute 'head_dim'



2024-08-28 15:50:29,638:ERROR:



Could not determine hidden_dimensions, encountered error:  'Phi3Config' object has no attribute 'head_dim'



Traceback: Traceback (most recent call last):
  File "C:\Users\abhee\OneDrive\Documents\Work_Stuff\LLMs\LARS\web_app\hf_waitress.py", line 874, in health
    model_info["hidden_dimensions"] = str(PIPE.model.config.head_dim)
                                          ^^^^^^^^^^^^^^^^^^^^^^^^^^
  File "C:\Users\abhee\AppData\Local\Programs\Python\Python311\Lib\site-packages\transformers\configuration_utils.py", line 264, in __getattribute__
    return super().__getattribute__(key)
           ^^^^^^^^^^^^^^^^^^^^^^^^^^^^^
AttributeError: 'Phi3Config' object has no attribute 'head_dim'



2024-08-28 15:55:29,959:ERROR:



Could not determine hidden_dimensions, encountered error:  'Phi3Config' object has no attribute 'head_dim'



Traceback: Traceback (most recent call last):
  File "C:\Users\abhee\OneDrive\Documents\Work_Stuff\LLMs\LARS\web_app\hf_waitress.py", line 874, in health
    model_info["hidden_dimensions"] = str(PIPE.model.config.head_dim)
                                          ^^^^^^^^^^^^^^^^^^^^^^^^^^
  File "C:\Users\abhee\AppData\Local\Programs\Python\Python311\Lib\site-packages\transformers\configuration_utils.py", line 264, in __getattribute__
    return super().__getattribute__(key)
           ^^^^^^^^^^^^^^^^^^^^^^^^^^^^^
AttributeError: 'Phi3Config' object has no attribute 'head_dim'



2024-08-28 15:59:16,475:ERROR:



Could not determine hidden_dimensions, encountered error:  'Phi3Config' object has no attribute 'head_dim'



Traceback: Traceback (most recent call last):
  File "C:\Users\abhee\OneDrive\Documents\Work_Stuff\LLMs\LARS\web_app\hf_waitress.py", line 875, in health
    model_info["hidden_dimensions"] = str(PIPE.model.config.head_dim)
                                          ^^^^^^^^^^^^^^^^^^^^^^^^^^
  File "C:\Users\abhee\AppData\Local\Programs\Python\Python311\Lib\site-packages\transformers\configuration_utils.py", line 264, in __getattribute__
    return super().__getattribute__(key)
           ^^^^^^^^^^^^^^^^^^^^^^^^^^^^^
AttributeError: 'Phi3Config' object has no attribute 'head_dim'



2024-08-28 16:01:53,772:ERROR:



Could not determine hidden_dimensions, encountered error:  'Phi3Config' object has no attribute 'head_dim'



Traceback: Traceback (most recent call last):
  File "C:\Users\abhee\OneDrive\Documents\Work_Stuff\LLMs\LARS\web_app\hf_waitress.py", line 874, in health
    model_info["hidden_dimensions"] = str(PIPE.model.config.head_dim)
                                          ^^^^^^^^^^^^^^^^^^^^^^^^^^
  File "C:\Users\abhee\AppData\Local\Programs\Python\Python311\Lib\site-packages\transformers\configuration_utils.py", line 264, in __getattribute__
    return super().__getattribute__(key)
           ^^^^^^^^^^^^^^^^^^^^^^^^^^^^^
AttributeError: 'Phi3Config' object has no attribute 'head_dim'



2024-08-28 16:03:14,620:ERROR:



Could not determine hidden_dimensions, encountered error:  'Phi3Config' object has no attribute 'head_dim'



Traceback: Traceback (most recent call last):
  File "C:\Users\abhee\OneDrive\Documents\Work_Stuff\LLMs\LARS\web_app\hf_waitress.py", line 874, in health
    model_info["hidden_dimensions"] = str(PIPE.model.config.head_dim)
                                          ^^^^^^^^^^^^^^^^^^^^^^^^^^
  File "C:\Users\abhee\AppData\Local\Programs\Python\Python311\Lib\site-packages\transformers\configuration_utils.py", line 264, in __getattribute__
    return super().__getattribute__(key)
           ^^^^^^^^^^^^^^^^^^^^^^^^^^^^^
AttributeError: 'Phi3Config' object has no attribute 'head_dim'



2024-08-28 16:05:47,384:ERROR:



Could not determine hidden_dimensions, encountered error:  'Phi3Config' object has no attribute 'head_dim'



Traceback: Traceback (most recent call last):
  File "C:\Users\abhee\OneDrive\Documents\Work_Stuff\LLMs\LARS\web_app\hf_waitress.py", line 875, in health
    model_info["hidden_dimensions"] = str(PIPE.model.config.head_dim)
                                          ^^^^^^^^^^^^^^^^^^^^^^^^^^
  File "C:\Users\abhee\AppData\Local\Programs\Python\Python311\Lib\site-packages\transformers\configuration_utils.py", line 264, in __getattribute__
    return super().__getattribute__(key)
           ^^^^^^^^^^^^^^^^^^^^^^^^^^^^^
AttributeError: 'Phi3Config' object has no attribute 'head_dim'



2024-08-28 16:14:28,287:ERROR:



Could not determine hidden_dimensions, encountered error:  'Phi3Config' object has no attribute 'head_dim'



Traceback: Traceback (most recent call last):
  File "C:\Users\abhee\OneDrive\Documents\Work_Stuff\LLMs\LARS\web_app\hf_waitress.py", line 877, in health
    model_info["hidden_dimensions"] = str(PIPE.model.config.head_dim)
                                          ^^^^^^^^^^^^^^^^^^^^^^^^^^
  File "C:\Users\abhee\AppData\Local\Programs\Python\Python311\Lib\site-packages\transformers\configuration_utils.py", line 264, in __getattribute__
    return super().__getattribute__(key)
           ^^^^^^^^^^^^^^^^^^^^^^^^^^^^^
AttributeError: 'Phi3Config' object has no attribute 'head_dim'



2024-08-28 16:29:15,140:ERROR:



Could not determine hidden_dimensions, encountered error:  'Phi3Config' object has no attribute 'head_dim'



Traceback: Traceback (most recent call last):
  File "C:\Users\abhee\OneDrive\Documents\Work_Stuff\LLMs\LARS\web_app\hf_waitress.py", line 881, in health
    model_info["hidden_dimensions"] = str(PIPE.model.config.head_dim)
                                          ^^^^^^^^^^^^^^^^^^^^^^^^^^
  File "C:\Users\abhee\AppData\Local\Programs\Python\Python311\Lib\site-packages\transformers\configuration_utils.py", line 264, in __getattribute__
    return super().__getattribute__(key)
           ^^^^^^^^^^^^^^^^^^^^^^^^^^^^^
AttributeError: 'Phi3Config' object has no attribute 'head_dim'



2024-08-28 16:30:58,890:ERROR:



Could not determine hidden_dimensions, encountered error:  'Phi3Config' object has no attribute 'head_dim'



Traceback: Traceback (most recent call last):
  File "C:\Users\abhee\OneDrive\Documents\Work_Stuff\LLMs\LARS\web_app\hf_waitress.py", line 881, in health
    model_info["hidden_dimensions"] = str(PIPE.model.config.head_dim)
                                          ^^^^^^^^^^^^^^^^^^^^^^^^^^
  File "C:\Users\abhee\AppData\Local\Programs\Python\Python311\Lib\site-packages\transformers\configuration_utils.py", line 264, in __getattribute__
    return super().__getattribute__(key)
           ^^^^^^^^^^^^^^^^^^^^^^^^^^^^^
AttributeError: 'Phi3Config' object has no attribute 'head_dim'



2024-08-28 16:39:48,342:ERROR:



Could not determine hidden_dimensions, encountered error:  'Phi3Config' object has no attribute 'head_dim'



Traceback: Traceback (most recent call last):
  File "C:\Users\abhee\OneDrive\Documents\Work_Stuff\LLMs\LARS\web_app\hf_waitress.py", line 881, in health
    model_info["hidden_dimensions"] = str(PIPE.model.config.head_dim)
                                          ^^^^^^^^^^^^^^^^^^^^^^^^^^
  File "C:\Users\abhee\AppData\Local\Programs\Python\Python311\Lib\site-packages\transformers\configuration_utils.py", line 264, in __getattribute__
    return super().__getattribute__(key)
           ^^^^^^^^^^^^^^^^^^^^^^^^^^^^^
AttributeError: 'Phi3Config' object has no attribute 'head_dim'



2024-08-28 16:43:13,144:ERROR:



Could not determine hidden_dimensions, encountered error:  'Phi3Config' object has no attribute 'head_dim'



Traceback: Traceback (most recent call last):
  File "C:\Users\abhee\OneDrive\Documents\Work_Stuff\LLMs\LARS\web_app\hf_waitress.py", line 881, in health
    model_info["hidden_dimensions"] = str(PIPE.model.config.head_dim)
                                          ^^^^^^^^^^^^^^^^^^^^^^^^^^
  File "C:\Users\abhee\AppData\Local\Programs\Python\Python311\Lib\site-packages\transformers\configuration_utils.py", line 264, in __getattribute__
    return super().__getattribute__(key)
           ^^^^^^^^^^^^^^^^^^^^^^^^^^^^^
AttributeError: 'Phi3Config' object has no attribute 'head_dim'



2024-08-28 16:48:58,608:ERROR:



Could not determine hidden_dimensions, encountered error:  'Phi3Config' object has no attribute 'head_dim'



Traceback: Traceback (most recent call last):
  File "C:\Users\abhee\OneDrive\Documents\Work_Stuff\LLMs\LARS\web_app\hf_waitress.py", line 881, in health
    model_info["hidden_dimensions"] = str(PIPE.model.config.head_dim)
                                          ^^^^^^^^^^^^^^^^^^^^^^^^^^
  File "C:\Users\abhee\AppData\Local\Programs\Python\Python311\Lib\site-packages\transformers\configuration_utils.py", line 264, in __getattribute__
    return super().__getattribute__(key)
           ^^^^^^^^^^^^^^^^^^^^^^^^^^^^^
AttributeError: 'Phi3Config' object has no attribute 'head_dim'



2024-08-28 17:01:59,967:ERROR:



Could not obtain torch dtype object, check if the value passed is correct. Setting to auto and proceeding. ; No exception info.



Traceback: NoneType: None



2024-08-28 17:02:00,268:ERROR:



Could not create AutoModelForCausalLM, encountered error:  CUDA error: device-side assert triggered
CUDA kernel errors might be asynchronously reported at some other API call, so the stacktrace below might be incorrect.
For debugging consider passing CUDA_LAUNCH_BLOCKING=1
Compile with `TORCH_USE_CUDA_DSA` to enable device-side assertions.




Traceback: Traceback (most recent call last):
  File "C:\Users\abhee\OneDrive\Documents\Work_Stuff\LLMs\LARS\web_app\hf_waitress.py", line 597, in initialize_model
    model = AutoModelForCausalLM.from_pretrained(model_id, **model_params)
            ^^^^^^^^^^^^^^^^^^^^^^^^^^^^^^^^^^^^^^^^^^^^^^^^^^^^^^^^^^^^^^
  File "C:\Users\abhee\AppData\Local\Programs\Python\Python311\Lib\site-packages\transformers\models\auto\auto_factory.py", line 564, in from_pretrained
    return model_class.from_pretrained(
           ^^^^^^^^^^^^^^^^^^^^^^^^^^^^
  File "C:\Users\abhee\AppData\Local\Programs\Python\Python311\Lib\site-packages\transformers\modeling_utils.py", line 3941, in from_pretrained
    ) = cls._load_pretrained_model(
        ^^^^^^^^^^^^^^^^^^^^^^^^^^^
  File "C:\Users\abhee\AppData\Local\Programs\Python\Python311\Lib\site-packages\transformers\modeling_utils.py", line 4415, in _load_pretrained_model
    new_error_msgs, offload_index, state_dict_index = _load_state_dict_into_meta_model(
                                                      ^^^^^^^^^^^^^^^^^^^^^^^^^^^^^^^^^
  File "C:\Users\abhee\AppData\Local\Programs\Python\Python311\Lib\site-packages\transformers\modeling_utils.py", line 936, in _load_state_dict_into_meta_model
    set_module_tensor_to_device(model, param_name, param_device, **set_module_kwargs)
  File "C:\Users\abhee\AppData\Local\Programs\Python\Python311\Lib\site-packages\accelerate\utils\modeling.py", line 416, in set_module_tensor_to_device
    new_value = value.to(device)
                ^^^^^^^^^^^^^^^^
RuntimeError: CUDA error: device-side assert triggered
CUDA kernel errors might be asynchronously reported at some other API call, so the stacktrace below might be incorrect.
For debugging consider passing CUDA_LAUNCH_BLOCKING=1
Compile with `TORCH_USE_CUDA_DSA` to enable device-side assertions.




2024-08-28 17:02:00,271:ERROR:



Could not restart server, encountered error:  CUDA error: device-side assert triggered
CUDA kernel errors might be asynchronously reported at some other API call, so the stacktrace below might be incorrect.
For debugging consider passing CUDA_LAUNCH_BLOCKING=1
Compile with `TORCH_USE_CUDA_DSA` to enable device-side assertions.




Traceback: Traceback (most recent call last):
  File "C:\Users\abhee\OneDrive\Documents\Work_Stuff\LLMs\LARS\web_app\hf_waitress.py", line 597, in initialize_model
    model = AutoModelForCausalLM.from_pretrained(model_id, **model_params)
            ^^^^^^^^^^^^^^^^^^^^^^^^^^^^^^^^^^^^^^^^^^^^^^^^^^^^^^^^^^^^^^
  File "C:\Users\abhee\AppData\Local\Programs\Python\Python311\Lib\site-packages\transformers\models\auto\auto_factory.py", line 564, in from_pretrained
    return model_class.from_pretrained(
           ^^^^^^^^^^^^^^^^^^^^^^^^^^^^
  File "C:\Users\abhee\AppData\Local\Programs\Python\Python311\Lib\site-packages\transformers\modeling_utils.py", line 3941, in from_pretrained
    ) = cls._load_pretrained_model(
        ^^^^^^^^^^^^^^^^^^^^^^^^^^^
  File "C:\Users\abhee\AppData\Local\Programs\Python\Python311\Lib\site-packages\transformers\modeling_utils.py", line 4415, in _load_pretrained_model
    new_error_msgs, offload_index, state_dict_index = _load_state_dict_into_meta_model(
                                                      ^^^^^^^^^^^^^^^^^^^^^^^^^^^^^^^^^
  File "C:\Users\abhee\AppData\Local\Programs\Python\Python311\Lib\site-packages\transformers\modeling_utils.py", line 936, in _load_state_dict_into_meta_model
    set_module_tensor_to_device(model, param_name, param_device, **set_module_kwargs)
  File "C:\Users\abhee\AppData\Local\Programs\Python\Python311\Lib\site-packages\accelerate\utils\modeling.py", line 416, in set_module_tensor_to_device
    new_value = value.to(device)
                ^^^^^^^^^^^^^^^^
RuntimeError: CUDA error: device-side assert triggered
CUDA kernel errors might be asynchronously reported at some other API call, so the stacktrace below might be incorrect.
For debugging consider passing CUDA_LAUNCH_BLOCKING=1
Compile with `TORCH_USE_CUDA_DSA` to enable device-side assertions.


During handling of the above exception, another exception occurred:

Traceback (most recent call last):
  File "C:\Users\abhee\OneDrive\Documents\Work_Stuff\LLMs\LARS\web_app\hf_waitress.py", line 932, in restart_server
    initialize_model()
  File "C:\Users\abhee\OneDrive\Documents\Work_Stuff\LLMs\LARS\web_app\hf_waitress.py", line 599, in initialize_model
    handle_local_error("Could not create AutoModelForCausalLM, encountered error: ", e)
  File "C:\Users\abhee\OneDrive\Documents\Work_Stuff\LLMs\LARS\web_app\hf_waitress.py", line 87, in handle_local_error
    raise Exception(exception)
Exception: CUDA error: device-side assert triggered
CUDA kernel errors might be asynchronously reported at some other API call, so the stacktrace below might be incorrect.
For debugging consider passing CUDA_LAUNCH_BLOCKING=1
Compile with `TORCH_USE_CUDA_DSA` to enable device-side assertions.




2024-08-28 17:04:29,002:ERROR:



Could not obtain torch dtype object, check if the value passed is correct. Setting to auto and proceeding. ; No exception info.



Traceback: NoneType: None



2024-08-28 17:06:36,937:ERROR:



Could not obtain torch dtype object, check if the value passed is correct. Setting to auto and proceeding. ; No exception info.



Traceback: NoneType: None



2024-08-28 17:07:30,608:ERROR:



Could not obtain torch dtype object, check if the value passed is correct. Setting to auto and proceeding. ; No exception info.



Traceback: NoneType: None



2024-08-28 17:14:12,718:ERROR:



Could not obtain torch dtype object, check if the value passed is correct. Setting to auto and proceeding. ; No exception info.



Traceback: NoneType: None



2024-08-28 17:18:57,166:ERROR:



Could not obtain torch dtype object, check if the value passed is correct. Setting to auto and proceeding. ; No exception info.



Traceback: NoneType: None



2024-08-28 17:21:20,441:ERROR:



Could not obtain torch dtype object, check if the value passed is correct. Setting to auto and proceeding. ; No exception info.



Traceback: NoneType: None



2024-08-28 17:24:23,296:ERROR:



Could not obtain torch dtype object, check if the value passed is correct. Setting to auto and proceeding. ; No exception info.



Traceback: NoneType: None



2024-08-28 17:30:01,411:ERROR:



Could not obtain torch dtype object, check if the value passed is correct. Setting to auto and proceeding. ; No exception info.



Traceback: NoneType: None



2024-08-28 17:30:03,886:ERROR:



Could not create AutoModelForCausalLM, encountered error:  Expected one of cpu, cuda, ipu, xpu, mkldnn, opengl, opencl, ideep, hip, ve, fpga, maia, xla, lazy, vulkan, mps, meta, hpu, mtia, privateuseone device type at start of device string: auto



Traceback: Traceback (most recent call last):
  File "C:\Users\abhee\OneDrive\Documents\Work_Stuff\LLMs\LARS\web_app\hf_waitress.py", line 597, in initialize_model
    model = AutoModelForCausalLM.from_pretrained(model_id, **model_params)
            ^^^^^^^^^^^^^^^^^^^^^^^^^^^^^^^^^^^^^^^^^^^^^^^^^^^^^^^^^^^^^^
  File "C:\Users\abhee\AppData\Local\Programs\Python\Python311\Lib\site-packages\transformers\models\auto\auto_factory.py", line 564, in from_pretrained
    return model_class.from_pretrained(
           ^^^^^^^^^^^^^^^^^^^^^^^^^^^^
  File "C:\Users\abhee\AppData\Local\Programs\Python\Python311\Lib\site-packages\transformers\modeling_utils.py", line 3941, in from_pretrained
    ) = cls._load_pretrained_model(
        ^^^^^^^^^^^^^^^^^^^^^^^^^^^
  File "C:\Users\abhee\AppData\Local\Programs\Python\Python311\Lib\site-packages\transformers\modeling_utils.py", line 4415, in _load_pretrained_model
    new_error_msgs, offload_index, state_dict_index = _load_state_dict_into_meta_model(
                                                      ^^^^^^^^^^^^^^^^^^^^^^^^^^^^^^^^^
  File "C:\Users\abhee\AppData\Local\Programs\Python\Python311\Lib\site-packages\transformers\modeling_utils.py", line 938, in _load_state_dict_into_meta_model
    hf_quantizer.create_quantized_param(model, param, param_name, param_device, state_dict, unexpected_keys)
  File "C:\Users\abhee\AppData\Local\Programs\Python\Python311\Lib\site-packages\transformers\quantizers\quantizer_hqq.py", line 141, in create_quantized_param
    hqq_layer = HQQLinear(
                ^^^^^^^^^^
  File "C:\Users\abhee\AppData\Local\Programs\Python\Python311\Lib\site-packages\hqq\core\quantize.py", line 386, in __init__
    self.initialize()
  File "C:\Users\abhee\AppData\Local\Programs\Python\Python311\Lib\site-packages\hqq\core\quantize.py", line 390, in initialize
    self.quantize(self.linear_layer.weight.data, **self.quant_config)
  File "C:\Users\abhee\AppData\Local\Programs\Python\Python311\Lib\site-packages\hqq\core\quantize.py", line 638, in quantize
    self.cuda(self.device)
  File "C:\Users\abhee\AppData\Local\Programs\Python\Python311\Lib\site-packages\hqq\core\quantize.py", line 433, in cuda
    self.W_q, self.meta = Quantizer.cuda(self.W_q, self.meta, device)
                          ^^^^^^^^^^^^^^^^^^^^^^^^^^^^^^^^^^^^^^^^^^^
  File "C:\Users\abhee\AppData\Local\Programs\Python\Python311\Lib\site-packages\hqq\core\quantize.py", line 218, in cuda
    return Quantizer.to_inplace(W_q, meta, device=device)
           ^^^^^^^^^^^^^^^^^^^^^^^^^^^^^^^^^^^^^^^^^^^^^^
  File "C:\Users\abhee\AppData\Local\Programs\Python\Python311\Lib\site-packages\hqq\core\quantize.py", line 184, in to_inplace
    meta[key].to(compute_dtype)
RuntimeError: Expected one of cpu, cuda, ipu, xpu, mkldnn, opengl, opencl, ideep, hip, ve, fpga, maia, xla, lazy, vulkan, mps, meta, hpu, mtia, privateuseone device type at start of device string: auto



2024-08-28 17:30:39,777:ERROR:



Could not obtain torch dtype object, check if the value passed is correct. Setting to auto and proceeding. ; No exception info.



Traceback: NoneType: None



2024-08-28 17:30:41,062:ERROR:



Could not create AutoModelForCausalLM, encountered error:  Expected one of cpu, cuda, ipu, xpu, mkldnn, opengl, opencl, ideep, hip, ve, fpga, maia, xla, lazy, vulkan, mps, meta, hpu, mtia, privateuseone device type at start of device string: auto



Traceback: Traceback (most recent call last):
  File "C:\Users\abhee\OneDrive\Documents\Work_Stuff\LLMs\LARS\web_app\hf_waitress.py", line 597, in initialize_model
    model = AutoModelForCausalLM.from_pretrained(model_id, **model_params)
            ^^^^^^^^^^^^^^^^^^^^^^^^^^^^^^^^^^^^^^^^^^^^^^^^^^^^^^^^^^^^^^
  File "C:\Users\abhee\AppData\Local\Programs\Python\Python311\Lib\site-packages\transformers\models\auto\auto_factory.py", line 564, in from_pretrained
    return model_class.from_pretrained(
           ^^^^^^^^^^^^^^^^^^^^^^^^^^^^
  File "C:\Users\abhee\AppData\Local\Programs\Python\Python311\Lib\site-packages\transformers\modeling_utils.py", line 3941, in from_pretrained
    ) = cls._load_pretrained_model(
        ^^^^^^^^^^^^^^^^^^^^^^^^^^^
  File "C:\Users\abhee\AppData\Local\Programs\Python\Python311\Lib\site-packages\transformers\modeling_utils.py", line 4415, in _load_pretrained_model
    new_error_msgs, offload_index, state_dict_index = _load_state_dict_into_meta_model(
                                                      ^^^^^^^^^^^^^^^^^^^^^^^^^^^^^^^^^
  File "C:\Users\abhee\AppData\Local\Programs\Python\Python311\Lib\site-packages\transformers\modeling_utils.py", line 938, in _load_state_dict_into_meta_model
    hf_quantizer.create_quantized_param(model, param, param_name, param_device, state_dict, unexpected_keys)
  File "C:\Users\abhee\AppData\Local\Programs\Python\Python311\Lib\site-packages\transformers\quantizers\quantizer_hqq.py", line 141, in create_quantized_param
    hqq_layer = HQQLinear(
                ^^^^^^^^^^
  File "C:\Users\abhee\AppData\Local\Programs\Python\Python311\Lib\site-packages\hqq\core\quantize.py", line 386, in __init__
    self.initialize()
  File "C:\Users\abhee\AppData\Local\Programs\Python\Python311\Lib\site-packages\hqq\core\quantize.py", line 390, in initialize
    self.quantize(self.linear_layer.weight.data, **self.quant_config)
  File "C:\Users\abhee\AppData\Local\Programs\Python\Python311\Lib\site-packages\hqq\core\quantize.py", line 638, in quantize
    self.cuda(self.device)
  File "C:\Users\abhee\AppData\Local\Programs\Python\Python311\Lib\site-packages\hqq\core\quantize.py", line 433, in cuda
    self.W_q, self.meta = Quantizer.cuda(self.W_q, self.meta, device)
                          ^^^^^^^^^^^^^^^^^^^^^^^^^^^^^^^^^^^^^^^^^^^
  File "C:\Users\abhee\AppData\Local\Programs\Python\Python311\Lib\site-packages\hqq\core\quantize.py", line 218, in cuda
    return Quantizer.to_inplace(W_q, meta, device=device)
           ^^^^^^^^^^^^^^^^^^^^^^^^^^^^^^^^^^^^^^^^^^^^^^
  File "C:\Users\abhee\AppData\Local\Programs\Python\Python311\Lib\site-packages\hqq\core\quantize.py", line 184, in to_inplace
    meta[key].to(compute_dtype)
RuntimeError: Expected one of cpu, cuda, ipu, xpu, mkldnn, opengl, opencl, ideep, hip, ve, fpga, maia, xla, lazy, vulkan, mps, meta, hpu, mtia, privateuseone device type at start of device string: auto



2024-08-28 17:31:44,758:ERROR:



Could not obtain torch dtype object, check if the value passed is correct. Setting to auto and proceeding. ; No exception info.



Traceback: NoneType: None



2024-08-28 17:34:00,393:ERROR:



Could not obtain torch dtype object, check if the value passed is correct. Setting to auto and proceeding. ; No exception info.



Traceback: NoneType: None



2024-08-28 23:20:48,392:ERROR:



Could not obtain torch dtype object, check if the value passed is correct. Setting to auto and proceeding. ; No exception info.



Traceback: NoneType: None



2024-08-28 23:20:54,236:ERROR:



Could not obtain torch dtype object, check if the value passed is correct. Setting to auto and proceeding. ; No exception info.



Traceback: NoneType: None



2024-08-28 23:21:34,763:ERROR:



Could not obtain torch dtype object, check if the value passed is correct. Setting to auto and proceeding. ; No exception info.



Traceback: NoneType: None



2024-08-28 23:25:20,453:ERROR:



Could not obtain torch dtype object, check if the value passed is correct. Setting to auto and proceeding. ; No exception info.



Traceback: NoneType: None



2024-08-28 23:27:42,707:ERROR:



Could not obtain torch dtype object, check if the value passed is correct. Setting to auto and proceeding. ; No exception info.



Traceback: NoneType: None



2024-08-29 00:19:23,870:ERROR:



Could not determine hidden_dimensions, encountered error:  'Phi3Config' object has no attribute 'head_dim'



Traceback: Traceback (most recent call last):
  File "C:\Users\abhee\OneDrive\Documents\Work_Stuff\LLMs\LARS\web_app\hf_waitress.py", line 884, in health
    model_info["hidden_dimensions"] = str(PIPE.model.config.head_dim)
                                          ^^^^^^^^^^^^^^^^^^^^^^^^^^
  File "C:\Users\abhee\AppData\Local\Programs\Python\Python311\Lib\site-packages\transformers\configuration_utils.py", line 264, in __getattribute__
    return super().__getattribute__(key)
           ^^^^^^^^^^^^^^^^^^^^^^^^^^^^^
AttributeError: 'Phi3Config' object has no attribute 'head_dim'



2024-08-29 00:23:58,973:ERROR:



Could not determine hidden_dimensions, encountered error:  'Phi3Config' object has no attribute 'head_dim'



Traceback: Traceback (most recent call last):
  File "C:\Users\abhee\OneDrive\Documents\Work_Stuff\LLMs\LARS\web_app\hf_waitress.py", line 884, in health
    model_info["hidden_dimensions"] = str(PIPE.model.config.head_dim)
                                          ^^^^^^^^^^^^^^^^^^^^^^^^^^
  File "C:\Users\abhee\AppData\Local\Programs\Python\Python311\Lib\site-packages\transformers\configuration_utils.py", line 264, in __getattribute__
    return super().__getattribute__(key)
           ^^^^^^^^^^^^^^^^^^^^^^^^^^^^^
AttributeError: 'Phi3Config' object has no attribute 'head_dim'



2024-08-29 00:25:52,461:ERROR:



Could not determine hidden_dimensions, encountered error:  'Phi3Config' object has no attribute 'head_dim'



Traceback: Traceback (most recent call last):
  File "C:\Users\abhee\OneDrive\Documents\Work_Stuff\LLMs\LARS\web_app\hf_waitress.py", line 884, in health
    model_info["hidden_dimensions"] = str(PIPE.model.config.head_dim)
                                          ^^^^^^^^^^^^^^^^^^^^^^^^^^
  File "C:\Users\abhee\AppData\Local\Programs\Python\Python311\Lib\site-packages\transformers\configuration_utils.py", line 264, in __getattribute__
    return super().__getattribute__(key)
           ^^^^^^^^^^^^^^^^^^^^^^^^^^^^^
AttributeError: 'Phi3Config' object has no attribute 'head_dim'



2024-08-29 00:27:54,435:ERROR:



Could not determine hidden_dimensions, encountered error:  'Phi3Config' object has no attribute 'head_dim'



Traceback: Traceback (most recent call last):
  File "C:\Users\abhee\OneDrive\Documents\Work_Stuff\LLMs\LARS\web_app\hf_waitress.py", line 884, in health
    model_info["hidden_dimensions"] = str(PIPE.model.config.head_dim)
                                          ^^^^^^^^^^^^^^^^^^^^^^^^^^
  File "C:\Users\abhee\AppData\Local\Programs\Python\Python311\Lib\site-packages\transformers\configuration_utils.py", line 264, in __getattribute__
    return super().__getattribute__(key)
           ^^^^^^^^^^^^^^^^^^^^^^^^^^^^^
AttributeError: 'Phi3Config' object has no attribute 'head_dim'



2024-08-29 00:29:20,042:ERROR:



Could not determine hidden_dimensions, encountered error:  'Phi3Config' object has no attribute 'head_dim'



Traceback: Traceback (most recent call last):
  File "C:\Users\abhee\OneDrive\Documents\Work_Stuff\LLMs\LARS\web_app\hf_waitress.py", line 884, in health
    model_info["hidden_dimensions"] = str(PIPE.model.config.head_dim)
                                          ^^^^^^^^^^^^^^^^^^^^^^^^^^
  File "C:\Users\abhee\AppData\Local\Programs\Python\Python311\Lib\site-packages\transformers\configuration_utils.py", line 264, in __getattribute__
    return super().__getattribute__(key)
           ^^^^^^^^^^^^^^^^^^^^^^^^^^^^^
AttributeError: 'Phi3Config' object has no attribute 'head_dim'



2024-08-29 00:30:02,091:ERROR:



Could not determine hidden_dimensions, encountered error:  'Phi3Config' object has no attribute 'head_dim'



Traceback: Traceback (most recent call last):
  File "C:\Users\abhee\OneDrive\Documents\Work_Stuff\LLMs\LARS\web_app\hf_waitress.py", line 884, in health
    model_info["hidden_dimensions"] = str(PIPE.model.config.head_dim)
                                          ^^^^^^^^^^^^^^^^^^^^^^^^^^
  File "C:\Users\abhee\AppData\Local\Programs\Python\Python311\Lib\site-packages\transformers\configuration_utils.py", line 264, in __getattribute__
    return super().__getattribute__(key)
           ^^^^^^^^^^^^^^^^^^^^^^^^^^^^^
AttributeError: 'Phi3Config' object has no attribute 'head_dim'



2024-08-29 00:31:06,802:ERROR:



Could not determine hidden_dimensions, encountered error:  'Phi3Config' object has no attribute 'head_dim'



Traceback: Traceback (most recent call last):
  File "C:\Users\abhee\OneDrive\Documents\Work_Stuff\LLMs\LARS\web_app\hf_waitress.py", line 884, in health
    model_info["hidden_dimensions"] = str(PIPE.model.config.head_dim)
                                          ^^^^^^^^^^^^^^^^^^^^^^^^^^
  File "C:\Users\abhee\AppData\Local\Programs\Python\Python311\Lib\site-packages\transformers\configuration_utils.py", line 264, in __getattribute__
    return super().__getattribute__(key)
           ^^^^^^^^^^^^^^^^^^^^^^^^^^^^^
AttributeError: 'Phi3Config' object has no attribute 'head_dim'



2024-08-29 00:34:16,116:ERROR:



Could not determine hidden_dimensions, encountered error:  'Phi3Config' object has no attribute 'head_dim'



Traceback: Traceback (most recent call last):
  File "C:\Users\abhee\OneDrive\Documents\Work_Stuff\LLMs\LARS\web_app\hf_waitress.py", line 884, in health
    model_info["hidden_dimensions"] = str(PIPE.model.config.head_dim)
                                          ^^^^^^^^^^^^^^^^^^^^^^^^^^
  File "C:\Users\abhee\AppData\Local\Programs\Python\Python311\Lib\site-packages\transformers\configuration_utils.py", line 264, in __getattribute__
    return super().__getattribute__(key)
           ^^^^^^^^^^^^^^^^^^^^^^^^^^^^^
AttributeError: 'Phi3Config' object has no attribute 'head_dim'



2024-08-29 14:22:01,498:ERROR:



Could not determine hidden_dimensions, encountered error:  'Phi3Config' object has no attribute 'head_dim'



Traceback: Traceback (most recent call last):
  File "C:\Users\abhee\OneDrive\Documents\Work_Stuff\LLMs\LARS\web_app\hf_waitress.py", line 884, in health
    model_info["hidden_dimensions"] = str(PIPE.model.config.head_dim)
                                          ^^^^^^^^^^^^^^^^^^^^^^^^^^
  File "C:\Users\abhee\AppData\Local\Programs\Python\Python311\Lib\site-packages\transformers\configuration_utils.py", line 264, in __getattribute__
    return super().__getattribute__(key)
           ^^^^^^^^^^^^^^^^^^^^^^^^^^^^^
AttributeError: 'Phi3Config' object has no attribute 'head_dim'



2024-08-29 14:24:15,020:ERROR:



Could not determine hidden_dimensions, encountered error:  'Phi3Config' object has no attribute 'head_dim'



Traceback: Traceback (most recent call last):
  File "C:\Users\abhee\OneDrive\Documents\Work_Stuff\LLMs\LARS\web_app\hf_waitress.py", line 884, in health
    model_info["hidden_dimensions"] = str(PIPE.model.config.head_dim)
                                          ^^^^^^^^^^^^^^^^^^^^^^^^^^
  File "C:\Users\abhee\AppData\Local\Programs\Python\Python311\Lib\site-packages\transformers\configuration_utils.py", line 264, in __getattribute__
    return super().__getattribute__(key)
           ^^^^^^^^^^^^^^^^^^^^^^^^^^^^^
AttributeError: 'Phi3Config' object has no attribute 'head_dim'



2024-09-04 13:47:36,566:ERROR:



Could not determine hidden_dimensions, encountered error:  'Phi3Config' object has no attribute 'head_dim'



Traceback: Traceback (most recent call last):
  File "C:\Users\abhee\OneDrive\Documents\Work_Stuff\LLMs\LARS\web_app\hf_waitress.py", line 884, in health
    model_info["hidden_dimensions"] = str(PIPE.model.config.head_dim)
                                          ^^^^^^^^^^^^^^^^^^^^^^^^^^
  File "C:\Users\abhee\AppData\Local\Programs\Python\Python311\Lib\site-packages\transformers\configuration_utils.py", line 264, in __getattribute__
    return super().__getattribute__(key)
           ^^^^^^^^^^^^^^^^^^^^^^^^^^^^^
AttributeError: 'Phi3Config' object has no attribute 'head_dim'



2024-09-04 13:47:39,820:ERROR:



Could not determine hidden_dimensions, encountered error:  'Phi3Config' object has no attribute 'head_dim'



Traceback: Traceback (most recent call last):
  File "C:\Users\abhee\OneDrive\Documents\Work_Stuff\LLMs\LARS\web_app\hf_waitress.py", line 884, in health
    model_info["hidden_dimensions"] = str(PIPE.model.config.head_dim)
                                          ^^^^^^^^^^^^^^^^^^^^^^^^^^
  File "C:\Users\abhee\AppData\Local\Programs\Python\Python311\Lib\site-packages\transformers\configuration_utils.py", line 264, in __getattribute__
    return super().__getattribute__(key)
           ^^^^^^^^^^^^^^^^^^^^^^^^^^^^^
AttributeError: 'Phi3Config' object has no attribute 'head_dim'



2024-09-04 14:15:21,283:ERROR:



Could not determine hidden_dimensions, encountered error:  'Phi3Config' object has no attribute 'head_dim'



Traceback: Traceback (most recent call last):
  File "C:\Users\abhee\OneDrive\Documents\Work_Stuff\LLMs\LARS\web_app\hf_waitress.py", line 884, in health
    model_info["hidden_dimensions"] = str(PIPE.model.config.head_dim)
                                          ^^^^^^^^^^^^^^^^^^^^^^^^^^
  File "C:\Users\abhee\AppData\Local\Programs\Python\Python311\Lib\site-packages\transformers\configuration_utils.py", line 264, in __getattribute__
    return super().__getattribute__(key)
           ^^^^^^^^^^^^^^^^^^^^^^^^^^^^^
AttributeError: 'Phi3Config' object has no attribute 'head_dim'



2024-09-04 14:16:26,132:ERROR:



Could not determine hidden_dimensions, encountered error:  'Phi3Config' object has no attribute 'head_dim'



Traceback: Traceback (most recent call last):
  File "C:\Users\abhee\OneDrive\Documents\Work_Stuff\LLMs\LARS\web_app\hf_waitress.py", line 884, in health
    model_info["hidden_dimensions"] = str(PIPE.model.config.head_dim)
                                          ^^^^^^^^^^^^^^^^^^^^^^^^^^
  File "C:\Users\abhee\AppData\Local\Programs\Python\Python311\Lib\site-packages\transformers\configuration_utils.py", line 264, in __getattribute__
    return super().__getattribute__(key)
           ^^^^^^^^^^^^^^^^^^^^^^^^^^^^^
AttributeError: 'Phi3Config' object has no attribute 'head_dim'



2024-09-04 14:22:34,631:ERROR:



Could not determine hidden_dimensions, encountered error:  'Phi3Config' object has no attribute 'head_dim'



Traceback: Traceback (most recent call last):
  File "C:\Users\abhee\OneDrive\Documents\Work_Stuff\LLMs\LARS\web_app\hf_waitress.py", line 884, in health
    model_info["hidden_dimensions"] = str(PIPE.model.config.head_dim)
                                          ^^^^^^^^^^^^^^^^^^^^^^^^^^
  File "C:\Users\abhee\AppData\Local\Programs\Python\Python311\Lib\site-packages\transformers\configuration_utils.py", line 264, in __getattribute__
    return super().__getattribute__(key)
           ^^^^^^^^^^^^^^^^^^^^^^^^^^^^^
AttributeError: 'Phi3Config' object has no attribute 'head_dim'



2024-09-04 14:23:26,201:ERROR:



Could not determine hidden_dimensions, encountered error:  'Phi3Config' object has no attribute 'head_dim'



Traceback: Traceback (most recent call last):
  File "C:\Users\abhee\OneDrive\Documents\Work_Stuff\LLMs\LARS\web_app\hf_waitress.py", line 884, in health
    model_info["hidden_dimensions"] = str(PIPE.model.config.head_dim)
                                          ^^^^^^^^^^^^^^^^^^^^^^^^^^
  File "C:\Users\abhee\AppData\Local\Programs\Python\Python311\Lib\site-packages\transformers\configuration_utils.py", line 264, in __getattribute__
    return super().__getattribute__(key)
           ^^^^^^^^^^^^^^^^^^^^^^^^^^^^^
AttributeError: 'Phi3Config' object has no attribute 'head_dim'



2024-09-04 14:31:21,245:ERROR:



Could not determine hidden_dimensions, encountered error:  'Phi3Config' object has no attribute 'head_dim'



Traceback: Traceback (most recent call last):
  File "C:\Users\abhee\OneDrive\Documents\Work_Stuff\LLMs\LARS\web_app\hf_waitress.py", line 884, in health
    model_info["hidden_dimensions"] = str(PIPE.model.config.head_dim)
                                          ^^^^^^^^^^^^^^^^^^^^^^^^^^
  File "C:\Users\abhee\AppData\Local\Programs\Python\Python311\Lib\site-packages\transformers\configuration_utils.py", line 264, in __getattribute__
    return super().__getattribute__(key)
           ^^^^^^^^^^^^^^^^^^^^^^^^^^^^^
AttributeError: 'Phi3Config' object has no attribute 'head_dim'



2024-09-04 14:38:09,940:ERROR:



Could not determine hidden_dimensions, encountered error:  'Phi3Config' object has no attribute 'head_dim'



Traceback: Traceback (most recent call last):
  File "C:\Users\abhee\OneDrive\Documents\Work_Stuff\LLMs\LARS\web_app\hf_waitress.py", line 884, in health
    model_info["hidden_dimensions"] = str(PIPE.model.config.head_dim)
                                          ^^^^^^^^^^^^^^^^^^^^^^^^^^
  File "C:\Users\abhee\AppData\Local\Programs\Python\Python311\Lib\site-packages\transformers\configuration_utils.py", line 264, in __getattribute__
    return super().__getattribute__(key)
           ^^^^^^^^^^^^^^^^^^^^^^^^^^^^^
AttributeError: 'Phi3Config' object has no attribute 'head_dim'



2024-09-04 14:38:54,541:ERROR:



Could not determine hidden_dimensions, encountered error:  'Phi3Config' object has no attribute 'head_dim'



Traceback: Traceback (most recent call last):
  File "C:\Users\abhee\OneDrive\Documents\Work_Stuff\LLMs\LARS\web_app\hf_waitress.py", line 884, in health
    model_info["hidden_dimensions"] = str(PIPE.model.config.head_dim)
                                          ^^^^^^^^^^^^^^^^^^^^^^^^^^
  File "C:\Users\abhee\AppData\Local\Programs\Python\Python311\Lib\site-packages\transformers\configuration_utils.py", line 264, in __getattribute__
    return super().__getattribute__(key)
           ^^^^^^^^^^^^^^^^^^^^^^^^^^^^^
AttributeError: 'Phi3Config' object has no attribute 'head_dim'



2024-09-04 14:39:13,378:ERROR:



Could not determine hidden_dimensions, encountered error:  'Phi3Config' object has no attribute 'head_dim'



Traceback: Traceback (most recent call last):
  File "C:\Users\abhee\OneDrive\Documents\Work_Stuff\LLMs\LARS\web_app\hf_waitress.py", line 884, in health
    model_info["hidden_dimensions"] = str(PIPE.model.config.head_dim)
                                          ^^^^^^^^^^^^^^^^^^^^^^^^^^
  File "C:\Users\abhee\AppData\Local\Programs\Python\Python311\Lib\site-packages\transformers\configuration_utils.py", line 264, in __getattribute__
    return super().__getattribute__(key)
           ^^^^^^^^^^^^^^^^^^^^^^^^^^^^^
AttributeError: 'Phi3Config' object has no attribute 'head_dim'



2024-09-04 14:43:12,363:ERROR:



Could not determine hidden_dimensions, encountered error:  'Phi3Config' object has no attribute 'head_dim'



Traceback: Traceback (most recent call last):
  File "C:\Users\abhee\OneDrive\Documents\Work_Stuff\LLMs\LARS\web_app\hf_waitress.py", line 884, in health
    model_info["hidden_dimensions"] = str(PIPE.model.config.head_dim)
                                          ^^^^^^^^^^^^^^^^^^^^^^^^^^
  File "C:\Users\abhee\AppData\Local\Programs\Python\Python311\Lib\site-packages\transformers\configuration_utils.py", line 264, in __getattribute__
    return super().__getattribute__(key)
           ^^^^^^^^^^^^^^^^^^^^^^^^^^^^^
AttributeError: 'Phi3Config' object has no attribute 'head_dim'



2024-09-04 14:50:21,348:ERROR:



Could not determine hidden_dimensions, encountered error:  'Phi3Config' object has no attribute 'head_dim'



Traceback: Traceback (most recent call last):
  File "C:\Users\abhee\OneDrive\Documents\Work_Stuff\LLMs\LARS\web_app\hf_waitress.py", line 884, in health
    model_info["hidden_dimensions"] = str(PIPE.model.config.head_dim)
                                          ^^^^^^^^^^^^^^^^^^^^^^^^^^
  File "C:\Users\abhee\AppData\Local\Programs\Python\Python311\Lib\site-packages\transformers\configuration_utils.py", line 264, in __getattribute__
    return super().__getattribute__(key)
           ^^^^^^^^^^^^^^^^^^^^^^^^^^^^^
AttributeError: 'Phi3Config' object has no attribute 'head_dim'



2024-09-04 14:53:32,707:ERROR:



Could not determine hidden_dimensions, encountered error:  'Phi3Config' object has no attribute 'head_dim'



Traceback: Traceback (most recent call last):
  File "C:\Users\abhee\OneDrive\Documents\Work_Stuff\LLMs\LARS\web_app\hf_waitress.py", line 884, in health
    model_info["hidden_dimensions"] = str(PIPE.model.config.head_dim)
                                          ^^^^^^^^^^^^^^^^^^^^^^^^^^
  File "C:\Users\abhee\AppData\Local\Programs\Python\Python311\Lib\site-packages\transformers\configuration_utils.py", line 264, in __getattribute__
    return super().__getattribute__(key)
           ^^^^^^^^^^^^^^^^^^^^^^^^^^^^^
AttributeError: 'Phi3Config' object has no attribute 'head_dim'



2024-09-04 14:54:04,468:ERROR:



Could not determine hidden_dimensions, encountered error:  'Phi3Config' object has no attribute 'head_dim'



Traceback: Traceback (most recent call last):
  File "C:\Users\abhee\OneDrive\Documents\Work_Stuff\LLMs\LARS\web_app\hf_waitress.py", line 884, in health
    model_info["hidden_dimensions"] = str(PIPE.model.config.head_dim)
                                          ^^^^^^^^^^^^^^^^^^^^^^^^^^
  File "C:\Users\abhee\AppData\Local\Programs\Python\Python311\Lib\site-packages\transformers\configuration_utils.py", line 264, in __getattribute__
    return super().__getattribute__(key)
           ^^^^^^^^^^^^^^^^^^^^^^^^^^^^^
AttributeError: 'Phi3Config' object has no attribute 'head_dim'



2024-09-04 14:54:33,854:ERROR:



Could not determine hidden_dimensions, encountered error:  'Phi3Config' object has no attribute 'head_dim'



Traceback: Traceback (most recent call last):
  File "C:\Users\abhee\OneDrive\Documents\Work_Stuff\LLMs\LARS\web_app\hf_waitress.py", line 884, in health
    model_info["hidden_dimensions"] = str(PIPE.model.config.head_dim)
                                          ^^^^^^^^^^^^^^^^^^^^^^^^^^
  File "C:\Users\abhee\AppData\Local\Programs\Python\Python311\Lib\site-packages\transformers\configuration_utils.py", line 264, in __getattribute__
    return super().__getattribute__(key)
           ^^^^^^^^^^^^^^^^^^^^^^^^^^^^^
AttributeError: 'Phi3Config' object has no attribute 'head_dim'



2024-09-04 15:00:06,901:ERROR:



Could not determine hidden_dimensions, encountered error:  'Phi3Config' object has no attribute 'head_dim'



Traceback: Traceback (most recent call last):
  File "C:\Users\abhee\OneDrive\Documents\Work_Stuff\LLMs\LARS\web_app\hf_waitress.py", line 884, in health
    model_info["hidden_dimensions"] = str(PIPE.model.config.head_dim)
                                          ^^^^^^^^^^^^^^^^^^^^^^^^^^
  File "C:\Users\abhee\AppData\Local\Programs\Python\Python311\Lib\site-packages\transformers\configuration_utils.py", line 264, in __getattribute__
    return super().__getattribute__(key)
           ^^^^^^^^^^^^^^^^^^^^^^^^^^^^^
AttributeError: 'Phi3Config' object has no attribute 'head_dim'



2024-09-04 15:00:35,418:ERROR:



Could not determine hidden_dimensions, encountered error:  'Phi3Config' object has no attribute 'head_dim'



Traceback: Traceback (most recent call last):
  File "C:\Users\abhee\OneDrive\Documents\Work_Stuff\LLMs\LARS\web_app\hf_waitress.py", line 884, in health
    model_info["hidden_dimensions"] = str(PIPE.model.config.head_dim)
                                          ^^^^^^^^^^^^^^^^^^^^^^^^^^
  File "C:\Users\abhee\AppData\Local\Programs\Python\Python311\Lib\site-packages\transformers\configuration_utils.py", line 264, in __getattribute__
    return super().__getattribute__(key)
           ^^^^^^^^^^^^^^^^^^^^^^^^^^^^^
AttributeError: 'Phi3Config' object has no attribute 'head_dim'



2024-09-04 15:03:14,412:ERROR:



Could not determine hidden_dimensions, encountered error:  'Phi3Config' object has no attribute 'head_dim'



Traceback: Traceback (most recent call last):
  File "C:\Users\abhee\OneDrive\Documents\Work_Stuff\LLMs\LARS\web_app\hf_waitress.py", line 884, in health
    model_info["hidden_dimensions"] = str(PIPE.model.config.head_dim)
                                          ^^^^^^^^^^^^^^^^^^^^^^^^^^
  File "C:\Users\abhee\AppData\Local\Programs\Python\Python311\Lib\site-packages\transformers\configuration_utils.py", line 264, in __getattribute__
    return super().__getattribute__(key)
           ^^^^^^^^^^^^^^^^^^^^^^^^^^^^^
AttributeError: 'Phi3Config' object has no attribute 'head_dim'



2024-09-04 15:08:41,440:ERROR:



Could not determine hidden_dimensions, encountered error:  'Phi3Config' object has no attribute 'head_dim'



Traceback: Traceback (most recent call last):
  File "C:\Users\abhee\OneDrive\Documents\Work_Stuff\LLMs\LARS\web_app\hf_waitress.py", line 884, in health
    model_info["hidden_dimensions"] = str(PIPE.model.config.head_dim)
                                          ^^^^^^^^^^^^^^^^^^^^^^^^^^
  File "C:\Users\abhee\AppData\Local\Programs\Python\Python311\Lib\site-packages\transformers\configuration_utils.py", line 264, in __getattribute__
    return super().__getattribute__(key)
           ^^^^^^^^^^^^^^^^^^^^^^^^^^^^^
AttributeError: 'Phi3Config' object has no attribute 'head_dim'



2024-09-04 15:09:09,717:ERROR:



Could not determine hidden_dimensions, encountered error:  'Phi3Config' object has no attribute 'head_dim'



Traceback: Traceback (most recent call last):
  File "C:\Users\abhee\OneDrive\Documents\Work_Stuff\LLMs\LARS\web_app\hf_waitress.py", line 884, in health
    model_info["hidden_dimensions"] = str(PIPE.model.config.head_dim)
                                          ^^^^^^^^^^^^^^^^^^^^^^^^^^
  File "C:\Users\abhee\AppData\Local\Programs\Python\Python311\Lib\site-packages\transformers\configuration_utils.py", line 264, in __getattribute__
    return super().__getattribute__(key)
           ^^^^^^^^^^^^^^^^^^^^^^^^^^^^^
AttributeError: 'Phi3Config' object has no attribute 'head_dim'



2024-09-04 15:09:38,677:ERROR:



Could not determine hidden_dimensions, encountered error:  'Phi3Config' object has no attribute 'head_dim'



Traceback: Traceback (most recent call last):
  File "C:\Users\abhee\OneDrive\Documents\Work_Stuff\LLMs\LARS\web_app\hf_waitress.py", line 884, in health
    model_info["hidden_dimensions"] = str(PIPE.model.config.head_dim)
                                          ^^^^^^^^^^^^^^^^^^^^^^^^^^
  File "C:\Users\abhee\AppData\Local\Programs\Python\Python311\Lib\site-packages\transformers\configuration_utils.py", line 264, in __getattribute__
    return super().__getattribute__(key)
           ^^^^^^^^^^^^^^^^^^^^^^^^^^^^^
AttributeError: 'Phi3Config' object has no attribute 'head_dim'



2024-09-04 15:10:02,860:ERROR:



Could not determine hidden_dimensions, encountered error:  'Phi3Config' object has no attribute 'head_dim'



Traceback: Traceback (most recent call last):
  File "C:\Users\abhee\OneDrive\Documents\Work_Stuff\LLMs\LARS\web_app\hf_waitress.py", line 884, in health
    model_info["hidden_dimensions"] = str(PIPE.model.config.head_dim)
                                          ^^^^^^^^^^^^^^^^^^^^^^^^^^
  File "C:\Users\abhee\AppData\Local\Programs\Python\Python311\Lib\site-packages\transformers\configuration_utils.py", line 264, in __getattribute__
    return super().__getattribute__(key)
           ^^^^^^^^^^^^^^^^^^^^^^^^^^^^^
AttributeError: 'Phi3Config' object has no attribute 'head_dim'



2024-09-04 15:10:39,712:ERROR:



Could not determine hidden_dimensions, encountered error:  'Phi3Config' object has no attribute 'head_dim'



Traceback: Traceback (most recent call last):
  File "C:\Users\abhee\OneDrive\Documents\Work_Stuff\LLMs\LARS\web_app\hf_waitress.py", line 884, in health
    model_info["hidden_dimensions"] = str(PIPE.model.config.head_dim)
                                          ^^^^^^^^^^^^^^^^^^^^^^^^^^
  File "C:\Users\abhee\AppData\Local\Programs\Python\Python311\Lib\site-packages\transformers\configuration_utils.py", line 264, in __getattribute__
    return super().__getattribute__(key)
           ^^^^^^^^^^^^^^^^^^^^^^^^^^^^^
AttributeError: 'Phi3Config' object has no attribute 'head_dim'



2024-09-04 15:10:51,668:ERROR:



Could not determine hidden_dimensions, encountered error:  'Phi3Config' object has no attribute 'head_dim'



Traceback: Traceback (most recent call last):
  File "C:\Users\abhee\OneDrive\Documents\Work_Stuff\LLMs\LARS\web_app\hf_waitress.py", line 884, in health
    model_info["hidden_dimensions"] = str(PIPE.model.config.head_dim)
                                          ^^^^^^^^^^^^^^^^^^^^^^^^^^
  File "C:\Users\abhee\AppData\Local\Programs\Python\Python311\Lib\site-packages\transformers\configuration_utils.py", line 264, in __getattribute__
    return super().__getattribute__(key)
           ^^^^^^^^^^^^^^^^^^^^^^^^^^^^^
AttributeError: 'Phi3Config' object has no attribute 'head_dim'



2024-09-04 15:11:11,241:ERROR:



Could not determine hidden_dimensions, encountered error:  'Phi3Config' object has no attribute 'head_dim'



Traceback: Traceback (most recent call last):
  File "C:\Users\abhee\OneDrive\Documents\Work_Stuff\LLMs\LARS\web_app\hf_waitress.py", line 884, in health
    model_info["hidden_dimensions"] = str(PIPE.model.config.head_dim)
                                          ^^^^^^^^^^^^^^^^^^^^^^^^^^
  File "C:\Users\abhee\AppData\Local\Programs\Python\Python311\Lib\site-packages\transformers\configuration_utils.py", line 264, in __getattribute__
    return super().__getattribute__(key)
           ^^^^^^^^^^^^^^^^^^^^^^^^^^^^^
AttributeError: 'Phi3Config' object has no attribute 'head_dim'



2024-09-04 15:11:39,400:ERROR:



Could not determine hidden_dimensions, encountered error:  'Phi3Config' object has no attribute 'head_dim'



Traceback: Traceback (most recent call last):
  File "C:\Users\abhee\OneDrive\Documents\Work_Stuff\LLMs\LARS\web_app\hf_waitress.py", line 884, in health
    model_info["hidden_dimensions"] = str(PIPE.model.config.head_dim)
                                          ^^^^^^^^^^^^^^^^^^^^^^^^^^
  File "C:\Users\abhee\AppData\Local\Programs\Python\Python311\Lib\site-packages\transformers\configuration_utils.py", line 264, in __getattribute__
    return super().__getattribute__(key)
           ^^^^^^^^^^^^^^^^^^^^^^^^^^^^^
AttributeError: 'Phi3Config' object has no attribute 'head_dim'



2024-09-04 15:37:09,376:ERROR:



Could not determine hidden_dimensions, encountered error:  'Phi3Config' object has no attribute 'head_dim'



Traceback: Traceback (most recent call last):
  File "C:\Users\abhee\OneDrive\Documents\Work_Stuff\LLMs\LARS\web_app\hf_waitress.py", line 884, in health
    model_info["hidden_dimensions"] = str(PIPE.model.config.head_dim)
                                          ^^^^^^^^^^^^^^^^^^^^^^^^^^
  File "C:\Users\abhee\AppData\Local\Programs\Python\Python311\Lib\site-packages\transformers\configuration_utils.py", line 264, in __getattribute__
    return super().__getattribute__(key)
           ^^^^^^^^^^^^^^^^^^^^^^^^^^^^^
AttributeError: 'Phi3Config' object has no attribute 'head_dim'



2024-09-04 15:38:31,466:ERROR:



Could not determine hidden_dimensions, encountered error:  'Phi3Config' object has no attribute 'head_dim'



Traceback: Traceback (most recent call last):
  File "C:\Users\abhee\OneDrive\Documents\Work_Stuff\LLMs\LARS\web_app\hf_waitress.py", line 884, in health
    model_info["hidden_dimensions"] = str(PIPE.model.config.head_dim)
                                          ^^^^^^^^^^^^^^^^^^^^^^^^^^
  File "C:\Users\abhee\AppData\Local\Programs\Python\Python311\Lib\site-packages\transformers\configuration_utils.py", line 264, in __getattribute__
    return super().__getattribute__(key)
           ^^^^^^^^^^^^^^^^^^^^^^^^^^^^^
AttributeError: 'Phi3Config' object has no attribute 'head_dim'



2024-09-04 15:39:54,062:ERROR:



Could not determine hidden_dimensions, encountered error:  'Phi3Config' object has no attribute 'head_dim'



Traceback: Traceback (most recent call last):
  File "C:\Users\abhee\OneDrive\Documents\Work_Stuff\LLMs\LARS\web_app\hf_waitress.py", line 884, in health
    model_info["hidden_dimensions"] = str(PIPE.model.config.head_dim)
                                          ^^^^^^^^^^^^^^^^^^^^^^^^^^
  File "C:\Users\abhee\AppData\Local\Programs\Python\Python311\Lib\site-packages\transformers\configuration_utils.py", line 264, in __getattribute__
    return super().__getattribute__(key)
           ^^^^^^^^^^^^^^^^^^^^^^^^^^^^^
AttributeError: 'Phi3Config' object has no attribute 'head_dim'



2024-09-04 15:40:31,575:ERROR:



Could not determine hidden_dimensions, encountered error:  'Phi3Config' object has no attribute 'head_dim'



Traceback: Traceback (most recent call last):
  File "C:\Users\abhee\OneDrive\Documents\Work_Stuff\LLMs\LARS\web_app\hf_waitress.py", line 884, in health
    model_info["hidden_dimensions"] = str(PIPE.model.config.head_dim)
                                          ^^^^^^^^^^^^^^^^^^^^^^^^^^
  File "C:\Users\abhee\AppData\Local\Programs\Python\Python311\Lib\site-packages\transformers\configuration_utils.py", line 264, in __getattribute__
    return super().__getattribute__(key)
           ^^^^^^^^^^^^^^^^^^^^^^^^^^^^^
AttributeError: 'Phi3Config' object has no attribute 'head_dim'



2024-09-04 15:41:31,989:ERROR:



Could not determine hidden_dimensions, encountered error:  'Phi3Config' object has no attribute 'head_dim'



Traceback: Traceback (most recent call last):
  File "C:\Users\abhee\OneDrive\Documents\Work_Stuff\LLMs\LARS\web_app\hf_waitress.py", line 884, in health
    model_info["hidden_dimensions"] = str(PIPE.model.config.head_dim)
                                          ^^^^^^^^^^^^^^^^^^^^^^^^^^
  File "C:\Users\abhee\AppData\Local\Programs\Python\Python311\Lib\site-packages\transformers\configuration_utils.py", line 264, in __getattribute__
    return super().__getattribute__(key)
           ^^^^^^^^^^^^^^^^^^^^^^^^^^^^^
AttributeError: 'Phi3Config' object has no attribute 'head_dim'



2024-09-04 15:41:56,025:ERROR:



Could not determine hidden_dimensions, encountered error:  'Phi3Config' object has no attribute 'head_dim'



Traceback: Traceback (most recent call last):
  File "C:\Users\abhee\OneDrive\Documents\Work_Stuff\LLMs\LARS\web_app\hf_waitress.py", line 884, in health
    model_info["hidden_dimensions"] = str(PIPE.model.config.head_dim)
                                          ^^^^^^^^^^^^^^^^^^^^^^^^^^
  File "C:\Users\abhee\AppData\Local\Programs\Python\Python311\Lib\site-packages\transformers\configuration_utils.py", line 264, in __getattribute__
    return super().__getattribute__(key)
           ^^^^^^^^^^^^^^^^^^^^^^^^^^^^^
AttributeError: 'Phi3Config' object has no attribute 'head_dim'



2024-09-04 15:53:56,652:ERROR:



Could not determine hidden_dimensions, encountered error:  'Phi3Config' object has no attribute 'head_dim'



Traceback: Traceback (most recent call last):
  File "C:\Users\abhee\OneDrive\Documents\Work_Stuff\LLMs\LARS\web_app\hf_waitress.py", line 884, in health
    model_info["hidden_dimensions"] = str(PIPE.model.config.head_dim)
                                          ^^^^^^^^^^^^^^^^^^^^^^^^^^
  File "C:\Users\abhee\AppData\Local\Programs\Python\Python311\Lib\site-packages\transformers\configuration_utils.py", line 264, in __getattribute__
    return super().__getattribute__(key)
           ^^^^^^^^^^^^^^^^^^^^^^^^^^^^^
AttributeError: 'Phi3Config' object has no attribute 'head_dim'



2024-09-04 15:55:26,752:ERROR:



Could not determine hidden_dimensions, encountered error:  'Phi3Config' object has no attribute 'head_dim'



Traceback: Traceback (most recent call last):
  File "C:\Users\abhee\OneDrive\Documents\Work_Stuff\LLMs\LARS\web_app\hf_waitress.py", line 884, in health
    model_info["hidden_dimensions"] = str(PIPE.model.config.head_dim)
                                          ^^^^^^^^^^^^^^^^^^^^^^^^^^
  File "C:\Users\abhee\AppData\Local\Programs\Python\Python311\Lib\site-packages\transformers\configuration_utils.py", line 264, in __getattribute__
    return super().__getattribute__(key)
           ^^^^^^^^^^^^^^^^^^^^^^^^^^^^^
AttributeError: 'Phi3Config' object has no attribute 'head_dim'



2024-09-04 15:56:50,481:ERROR:



Could not determine hidden_dimensions, encountered error:  'Phi3Config' object has no attribute 'head_dim'



Traceback: Traceback (most recent call last):
  File "C:\Users\abhee\OneDrive\Documents\Work_Stuff\LLMs\LARS\web_app\hf_waitress.py", line 884, in health
    model_info["hidden_dimensions"] = str(PIPE.model.config.head_dim)
                                          ^^^^^^^^^^^^^^^^^^^^^^^^^^
  File "C:\Users\abhee\AppData\Local\Programs\Python\Python311\Lib\site-packages\transformers\configuration_utils.py", line 264, in __getattribute__
    return super().__getattribute__(key)
           ^^^^^^^^^^^^^^^^^^^^^^^^^^^^^
AttributeError: 'Phi3Config' object has no attribute 'head_dim'



2024-09-04 15:57:19,186:ERROR:



Could not determine hidden_dimensions, encountered error:  'Phi3Config' object has no attribute 'head_dim'



Traceback: Traceback (most recent call last):
  File "C:\Users\abhee\OneDrive\Documents\Work_Stuff\LLMs\LARS\web_app\hf_waitress.py", line 884, in health
    model_info["hidden_dimensions"] = str(PIPE.model.config.head_dim)
                                          ^^^^^^^^^^^^^^^^^^^^^^^^^^
  File "C:\Users\abhee\AppData\Local\Programs\Python\Python311\Lib\site-packages\transformers\configuration_utils.py", line 264, in __getattribute__
    return super().__getattribute__(key)
           ^^^^^^^^^^^^^^^^^^^^^^^^^^^^^
AttributeError: 'Phi3Config' object has no attribute 'head_dim'



2024-09-04 15:58:59,198:ERROR:



Could not determine hidden_dimensions, encountered error:  'Phi3Config' object has no attribute 'head_dim'



Traceback: Traceback (most recent call last):
  File "C:\Users\abhee\OneDrive\Documents\Work_Stuff\LLMs\LARS\web_app\hf_waitress.py", line 884, in health
    model_info["hidden_dimensions"] = str(PIPE.model.config.head_dim)
                                          ^^^^^^^^^^^^^^^^^^^^^^^^^^
  File "C:\Users\abhee\AppData\Local\Programs\Python\Python311\Lib\site-packages\transformers\configuration_utils.py", line 264, in __getattribute__
    return super().__getattribute__(key)
           ^^^^^^^^^^^^^^^^^^^^^^^^^^^^^
AttributeError: 'Phi3Config' object has no attribute 'head_dim'



2024-09-04 16:00:19,034:ERROR:



Could not determine hidden_dimensions, encountered error:  'Phi3Config' object has no attribute 'head_dim'



Traceback: Traceback (most recent call last):
  File "C:\Users\abhee\OneDrive\Documents\Work_Stuff\LLMs\LARS\web_app\hf_waitress.py", line 884, in health
    model_info["hidden_dimensions"] = str(PIPE.model.config.head_dim)
                                          ^^^^^^^^^^^^^^^^^^^^^^^^^^
  File "C:\Users\abhee\AppData\Local\Programs\Python\Python311\Lib\site-packages\transformers\configuration_utils.py", line 264, in __getattribute__
    return super().__getattribute__(key)
           ^^^^^^^^^^^^^^^^^^^^^^^^^^^^^
AttributeError: 'Phi3Config' object has no attribute 'head_dim'



2024-09-04 16:00:20,084:ERROR:



Could not determine hidden_dimensions, encountered error:  'Phi3Config' object has no attribute 'head_dim'



Traceback: Traceback (most recent call last):
  File "C:\Users\abhee\OneDrive\Documents\Work_Stuff\LLMs\LARS\web_app\hf_waitress.py", line 884, in health
    model_info["hidden_dimensions"] = str(PIPE.model.config.head_dim)
                                          ^^^^^^^^^^^^^^^^^^^^^^^^^^
  File "C:\Users\abhee\AppData\Local\Programs\Python\Python311\Lib\site-packages\transformers\configuration_utils.py", line 264, in __getattribute__
    return super().__getattribute__(key)
           ^^^^^^^^^^^^^^^^^^^^^^^^^^^^^
AttributeError: 'Phi3Config' object has no attribute 'head_dim'



2024-09-04 16:00:50,513:ERROR:



Could not determine hidden_dimensions, encountered error:  'Phi3Config' object has no attribute 'head_dim'



Traceback: Traceback (most recent call last):
  File "C:\Users\abhee\OneDrive\Documents\Work_Stuff\LLMs\LARS\web_app\hf_waitress.py", line 884, in health
    model_info["hidden_dimensions"] = str(PIPE.model.config.head_dim)
                                          ^^^^^^^^^^^^^^^^^^^^^^^^^^
  File "C:\Users\abhee\AppData\Local\Programs\Python\Python311\Lib\site-packages\transformers\configuration_utils.py", line 264, in __getattribute__
    return super().__getattribute__(key)
           ^^^^^^^^^^^^^^^^^^^^^^^^^^^^^
AttributeError: 'Phi3Config' object has no attribute 'head_dim'



2024-09-04 16:01:40,261:ERROR:



Could not determine hidden_dimensions, encountered error:  'Phi3Config' object has no attribute 'head_dim'



Traceback: Traceback (most recent call last):
  File "C:\Users\abhee\OneDrive\Documents\Work_Stuff\LLMs\LARS\web_app\hf_waitress.py", line 884, in health
    model_info["hidden_dimensions"] = str(PIPE.model.config.head_dim)
                                          ^^^^^^^^^^^^^^^^^^^^^^^^^^
  File "C:\Users\abhee\AppData\Local\Programs\Python\Python311\Lib\site-packages\transformers\configuration_utils.py", line 264, in __getattribute__
    return super().__getattribute__(key)
           ^^^^^^^^^^^^^^^^^^^^^^^^^^^^^
AttributeError: 'Phi3Config' object has no attribute 'head_dim'



2024-09-04 16:03:37,404:ERROR:



Could not determine hidden_dimensions, encountered error:  'Phi3Config' object has no attribute 'head_dim'



Traceback: Traceback (most recent call last):
  File "C:\Users\abhee\OneDrive\Documents\Work_Stuff\LLMs\LARS\web_app\hf_waitress.py", line 884, in health
    model_info["hidden_dimensions"] = str(PIPE.model.config.head_dim)
                                          ^^^^^^^^^^^^^^^^^^^^^^^^^^
  File "C:\Users\abhee\AppData\Local\Programs\Python\Python311\Lib\site-packages\transformers\configuration_utils.py", line 264, in __getattribute__
    return super().__getattribute__(key)
           ^^^^^^^^^^^^^^^^^^^^^^^^^^^^^
AttributeError: 'Phi3Config' object has no attribute 'head_dim'



2024-09-04 16:04:07,365:ERROR:



Could not determine hidden_dimensions, encountered error:  'Phi3Config' object has no attribute 'head_dim'



Traceback: Traceback (most recent call last):
  File "C:\Users\abhee\OneDrive\Documents\Work_Stuff\LLMs\LARS\web_app\hf_waitress.py", line 884, in health
    model_info["hidden_dimensions"] = str(PIPE.model.config.head_dim)
                                          ^^^^^^^^^^^^^^^^^^^^^^^^^^
  File "C:\Users\abhee\AppData\Local\Programs\Python\Python311\Lib\site-packages\transformers\configuration_utils.py", line 264, in __getattribute__
    return super().__getattribute__(key)
           ^^^^^^^^^^^^^^^^^^^^^^^^^^^^^
AttributeError: 'Phi3Config' object has no attribute 'head_dim'



2024-09-04 16:04:29,733:ERROR:



Could not determine hidden_dimensions, encountered error:  'Phi3Config' object has no attribute 'head_dim'



Traceback: Traceback (most recent call last):
  File "C:\Users\abhee\OneDrive\Documents\Work_Stuff\LLMs\LARS\web_app\hf_waitress.py", line 884, in health
    model_info["hidden_dimensions"] = str(PIPE.model.config.head_dim)
                                          ^^^^^^^^^^^^^^^^^^^^^^^^^^
  File "C:\Users\abhee\AppData\Local\Programs\Python\Python311\Lib\site-packages\transformers\configuration_utils.py", line 264, in __getattribute__
    return super().__getattribute__(key)
           ^^^^^^^^^^^^^^^^^^^^^^^^^^^^^
AttributeError: 'Phi3Config' object has no attribute 'head_dim'



2024-09-04 16:21:27,562:ERROR:



Could not determine hidden_dimensions, encountered error:  'Phi3Config' object has no attribute 'head_dim'



Traceback: Traceback (most recent call last):
  File "C:\Users\abhee\OneDrive\Documents\Work_Stuff\LLMs\LARS\web_app\hf_waitress.py", line 884, in health
    model_info["hidden_dimensions"] = str(PIPE.model.config.head_dim)
                                          ^^^^^^^^^^^^^^^^^^^^^^^^^^
  File "C:\Users\abhee\AppData\Local\Programs\Python\Python311\Lib\site-packages\transformers\configuration_utils.py", line 264, in __getattribute__
    return super().__getattribute__(key)
           ^^^^^^^^^^^^^^^^^^^^^^^^^^^^^
AttributeError: 'Phi3Config' object has no attribute 'head_dim'



2024-09-04 16:22:30,719:ERROR:



Could not determine hidden_dimensions, encountered error:  'Phi3Config' object has no attribute 'head_dim'



Traceback: Traceback (most recent call last):
  File "C:\Users\abhee\OneDrive\Documents\Work_Stuff\LLMs\LARS\web_app\hf_waitress.py", line 884, in health
    model_info["hidden_dimensions"] = str(PIPE.model.config.head_dim)
                                          ^^^^^^^^^^^^^^^^^^^^^^^^^^
  File "C:\Users\abhee\AppData\Local\Programs\Python\Python311\Lib\site-packages\transformers\configuration_utils.py", line 264, in __getattribute__
    return super().__getattribute__(key)
           ^^^^^^^^^^^^^^^^^^^^^^^^^^^^^
AttributeError: 'Phi3Config' object has no attribute 'head_dim'



2024-09-04 16:34:00,622:ERROR:



Could not determine hidden_dimensions, encountered error:  'Phi3Config' object has no attribute 'head_dim'



Traceback: Traceback (most recent call last):
  File "C:\Users\abhee\OneDrive\Documents\Work_Stuff\LLMs\LARS\web_app\hf_waitress.py", line 884, in health
    model_info["hidden_dimensions"] = str(PIPE.model.config.head_dim)
                                          ^^^^^^^^^^^^^^^^^^^^^^^^^^
  File "C:\Users\abhee\AppData\Local\Programs\Python\Python311\Lib\site-packages\transformers\configuration_utils.py", line 264, in __getattribute__
    return super().__getattribute__(key)
           ^^^^^^^^^^^^^^^^^^^^^^^^^^^^^
AttributeError: 'Phi3Config' object has no attribute 'head_dim'



2024-09-04 16:35:31,246:ERROR:



Could not determine hidden_dimensions, encountered error:  'Phi3Config' object has no attribute 'head_dim'



Traceback: Traceback (most recent call last):
  File "C:\Users\abhee\OneDrive\Documents\Work_Stuff\LLMs\LARS\web_app\hf_waitress.py", line 884, in health
    model_info["hidden_dimensions"] = str(PIPE.model.config.head_dim)
                                          ^^^^^^^^^^^^^^^^^^^^^^^^^^
  File "C:\Users\abhee\AppData\Local\Programs\Python\Python311\Lib\site-packages\transformers\configuration_utils.py", line 264, in __getattribute__
    return super().__getattribute__(key)
           ^^^^^^^^^^^^^^^^^^^^^^^^^^^^^
AttributeError: 'Phi3Config' object has no attribute 'head_dim'



2024-09-04 16:37:19,226:ERROR:



Could not determine hidden_dimensions, encountered error:  'Phi3Config' object has no attribute 'head_dim'



Traceback: Traceback (most recent call last):
  File "C:\Users\abhee\OneDrive\Documents\Work_Stuff\LLMs\LARS\web_app\hf_waitress.py", line 884, in health
    model_info["hidden_dimensions"] = str(PIPE.model.config.head_dim)
                                          ^^^^^^^^^^^^^^^^^^^^^^^^^^
  File "C:\Users\abhee\AppData\Local\Programs\Python\Python311\Lib\site-packages\transformers\configuration_utils.py", line 264, in __getattribute__
    return super().__getattribute__(key)
           ^^^^^^^^^^^^^^^^^^^^^^^^^^^^^
AttributeError: 'Phi3Config' object has no attribute 'head_dim'



2024-09-04 16:50:41,292:ERROR:



Could not determine hidden_dimensions, encountered error:  'Phi3Config' object has no attribute 'head_dim'



Traceback: Traceback (most recent call last):
  File "C:\Users\abhee\OneDrive\Documents\Work_Stuff\LLMs\LARS\web_app\hf_waitress.py", line 886, in health
    model_info["hidden_dimensions"] = str(PIPE.model.config.head_dim)
                                          ^^^^^^^^^^^^^^^^^^^^^^^^^^
  File "C:\Users\abhee\AppData\Local\Programs\Python\Python311\Lib\site-packages\transformers\configuration_utils.py", line 264, in __getattribute__
    return super().__getattribute__(key)
           ^^^^^^^^^^^^^^^^^^^^^^^^^^^^^
AttributeError: 'Phi3Config' object has no attribute 'head_dim'



2024-09-04 17:00:23,967:ERROR:



Could not determine hidden_dimensions while checking HF-Waitress server health. This is not a critical error and the HF-Waitress server is online! More details of the issue encountered follows:  'Phi3Config' object has no attribute 'head_dim'



Traceback: Traceback (most recent call last):
  File "C:\Users\abhee\OneDrive\Documents\Work_Stuff\LLMs\LARS\web_app\hf_waitress.py", line 890, in health
    model_info["hidden_dimensions"] = str(PIPE.model.config.head_dim)
                                          ^^^^^^^^^^^^^^^^^^^^^^^^^^
  File "C:\Users\abhee\AppData\Local\Programs\Python\Python311\Lib\site-packages\transformers\configuration_utils.py", line 264, in __getattribute__
    return super().__getattribute__(key)
           ^^^^^^^^^^^^^^^^^^^^^^^^^^^^^
AttributeError: 'Phi3Config' object has no attribute 'head_dim'



2024-09-05 13:50:59,287:ERROR:



Could not determine hidden_dimensions while checking HF-Waitress server health. This is not a critical error and the HF-Waitress LLM server is online! More details of the issue encountered follows:  'Phi3Config' object has no attribute 'head_dim'



Traceback: Traceback (most recent call last):
  File "C:\Users\abhee\OneDrive\Documents\Work_Stuff\LLMs\LARS\web_app\hf_waitress.py", line 890, in health
    model_info["hidden_dimensions"] = str(PIPE.model.config.head_dim)
                                          ^^^^^^^^^^^^^^^^^^^^^^^^^^
  File "C:\Users\abhee\AppData\Local\Programs\Python\Python311\Lib\site-packages\transformers\configuration_utils.py", line 264, in __getattribute__
    return super().__getattribute__(key)
           ^^^^^^^^^^^^^^^^^^^^^^^^^^^^^
AttributeError: 'Phi3Config' object has no attribute 'head_dim'



2024-09-05 13:53:11,535:ERROR:



Could not determine hidden_dimensions while checking HF-Waitress server health. This is not a critical error and the HF-Waitress LLM server is online! More details of the issue encountered follows:  'Phi3Config' object has no attribute 'head_dim'



Traceback: Traceback (most recent call last):
  File "C:\Users\abhee\OneDrive\Documents\Work_Stuff\LLMs\LARS\web_app\hf_waitress.py", line 890, in health
    model_info["hidden_dimensions"] = str(PIPE.model.config.head_dim)
                                          ^^^^^^^^^^^^^^^^^^^^^^^^^^
  File "C:\Users\abhee\AppData\Local\Programs\Python\Python311\Lib\site-packages\transformers\configuration_utils.py", line 264, in __getattribute__
    return super().__getattribute__(key)
           ^^^^^^^^^^^^^^^^^^^^^^^^^^^^^
AttributeError: 'Phi3Config' object has no attribute 'head_dim'



2024-09-05 14:11:15,431:ERROR:



Could not determine hidden_dimensions while checking HF-Waitress server health. This is not a critical error and the HF-Waitress LLM server is online! More details of the issue encountered follows:  'Phi3Config' object has no attribute 'head_dim'



Traceback: Traceback (most recent call last):
  File "C:\Users\abhee\OneDrive\Documents\Work_Stuff\LLMs\LARS\web_app\hf_waitress.py", line 925, in health
    model_info["hidden_dimensions"] = str(PIPE.model.config.head_dim)
                                          ^^^^^^^^^^^^^^^^^^^^^^^^^^
  File "C:\Users\abhee\AppData\Local\Programs\Python\Python311\Lib\site-packages\transformers\configuration_utils.py", line 264, in __getattribute__
    return super().__getattribute__(key)
           ^^^^^^^^^^^^^^^^^^^^^^^^^^^^^
AttributeError: 'Phi3Config' object has no attribute 'head_dim'



2024-09-05 14:12:27,804:ERROR:



Could not determine hidden_dimensions while checking HF-Waitress server health. This is not a critical error and the HF-Waitress LLM server is online! More details of the issue encountered follows:  'Phi3Config' object has no attribute 'head_dim'



Traceback: Traceback (most recent call last):
  File "C:\Users\abhee\OneDrive\Documents\Work_Stuff\LLMs\LARS\web_app\hf_waitress.py", line 925, in health
    model_info["hidden_dimensions"] = str(PIPE.model.config.head_dim)
                                          ^^^^^^^^^^^^^^^^^^^^^^^^^^
  File "C:\Users\abhee\AppData\Local\Programs\Python\Python311\Lib\site-packages\transformers\configuration_utils.py", line 264, in __getattribute__
    return super().__getattribute__(key)
           ^^^^^^^^^^^^^^^^^^^^^^^^^^^^^
AttributeError: 'Phi3Config' object has no attribute 'head_dim'



2024-09-05 14:17:01,100:ERROR:



Could not determine hidden_dimensions while checking HF-Waitress server health. This is not a critical error and the HF-Waitress LLM server is online! More details of the issue encountered follows:  'Phi3Config' object has no attribute 'head_dim'



Traceback: Traceback (most recent call last):
  File "C:\Users\abhee\OneDrive\Documents\Work_Stuff\LLMs\LARS\web_app\hf_waitress.py", line 934, in health
    model_info["hidden_dimensions"] = str(PIPE.model.config.head_dim)
                                          ^^^^^^^^^^^^^^^^^^^^^^^^^^
  File "C:\Users\abhee\AppData\Local\Programs\Python\Python311\Lib\site-packages\transformers\configuration_utils.py", line 264, in __getattribute__
    return super().__getattribute__(key)
           ^^^^^^^^^^^^^^^^^^^^^^^^^^^^^
AttributeError: 'Phi3Config' object has no attribute 'head_dim'



2024-09-05 14:30:36,802:ERROR:



Could not determine hidden_dimensions while checking HF-Waitress server health. This is not a critical error and the HF-Waitress LLM server is online! More details of the issue encountered follows:  'Phi3Config' object has no attribute 'head_dim'



Traceback: Traceback (most recent call last):
  File "C:\Users\abhee\OneDrive\Documents\Work_Stuff\LLMs\LARS\web_app\hf_waitress.py", line 943, in health
    model_info["hidden_dimensions"] = str(PIPE.model.config.head_dim)
                                          ^^^^^^^^^^^^^^^^^^^^^^^^^^
  File "C:\Users\abhee\AppData\Local\Programs\Python\Python311\Lib\site-packages\transformers\configuration_utils.py", line 264, in __getattribute__
    return super().__getattribute__(key)
           ^^^^^^^^^^^^^^^^^^^^^^^^^^^^^
AttributeError: 'Phi3Config' object has no attribute 'head_dim'



2024-09-05 14:32:45,008:ERROR:



Could not determine hidden_dimensions while checking HF-Waitress server health. This is not a critical error and the HF-Waitress LLM server is online! More details of the issue encountered follows:  'Phi3Config' object has no attribute 'head_dim'



Traceback: Traceback (most recent call last):
  File "C:\Users\abhee\OneDrive\Documents\Work_Stuff\LLMs\LARS\web_app\hf_waitress.py", line 943, in health
    model_info["hidden_dimensions"] = str(PIPE.model.config.head_dim)
                                          ^^^^^^^^^^^^^^^^^^^^^^^^^^
  File "C:\Users\abhee\AppData\Local\Programs\Python\Python311\Lib\site-packages\transformers\configuration_utils.py", line 264, in __getattribute__
    return super().__getattribute__(key)
           ^^^^^^^^^^^^^^^^^^^^^^^^^^^^^
AttributeError: 'Phi3Config' object has no attribute 'head_dim'



2024-09-05 14:37:25,164:ERROR:



Could not determine hidden_dimensions while checking HF-Waitress server health. This is not a critical error and the HF-Waitress LLM server is online! More details of the issue encountered follows:  'Phi3Config' object has no attribute 'head_dim'



Traceback: Traceback (most recent call last):
  File "C:\Users\abhee\OneDrive\Documents\Work_Stuff\LLMs\LARS\web_app\hf_waitress.py", line 943, in health
    model_info["hidden_dimensions"] = str(PIPE.model.config.head_dim)
                                          ^^^^^^^^^^^^^^^^^^^^^^^^^^
  File "C:\Users\abhee\AppData\Local\Programs\Python\Python311\Lib\site-packages\transformers\configuration_utils.py", line 264, in __getattribute__
    return super().__getattribute__(key)
           ^^^^^^^^^^^^^^^^^^^^^^^^^^^^^
AttributeError: 'Phi3Config' object has no attribute 'head_dim'



2024-09-05 14:37:29,548:ERROR:



Could not generate stream, encountered error:  name 'inputs' is not defined



Traceback: Traceback (most recent call last):
  File "C:\Users\abhee\OneDrive\Documents\Work_Stuff\LLMs\LARS\web_app\hf_waitress.py", line 767, in generate
    thread = threading.Thread(target=PIPE, kwargs={"text_inputs": inputs, "attention_mask": attention_mask, **generation_kwargs})
                                                                  ^^^^^^
NameError: name 'inputs' is not defined



2024-09-05 14:38:33,482:ERROR:



Could not determine hidden_dimensions while checking HF-Waitress server health. This is not a critical error and the HF-Waitress LLM server is online! More details of the issue encountered follows:  'Phi3Config' object has no attribute 'head_dim'



Traceback: Traceback (most recent call last):
  File "C:\Users\abhee\OneDrive\Documents\Work_Stuff\LLMs\LARS\web_app\hf_waitress.py", line 943, in health
    model_info["hidden_dimensions"] = str(PIPE.model.config.head_dim)
                                          ^^^^^^^^^^^^^^^^^^^^^^^^^^
  File "C:\Users\abhee\AppData\Local\Programs\Python\Python311\Lib\site-packages\transformers\configuration_utils.py", line 264, in __getattribute__
    return super().__getattribute__(key)
           ^^^^^^^^^^^^^^^^^^^^^^^^^^^^^
AttributeError: 'Phi3Config' object has no attribute 'head_dim'



2024-09-05 14:42:57,247:ERROR:



Could not determine hidden_dimensions while checking HF-Waitress server health. This is not a critical error and the HF-Waitress LLM server is online! More details of the issue encountered follows:  'Phi3Config' object has no attribute 'head_dim'



Traceback: Traceback (most recent call last):
  File "C:\Users\abhee\OneDrive\Documents\Work_Stuff\LLMs\LARS\web_app\hf_waitress.py", line 944, in health
    model_info["hidden_dimensions"] = str(PIPE.model.config.head_dim)
                                          ^^^^^^^^^^^^^^^^^^^^^^^^^^
  File "C:\Users\abhee\AppData\Local\Programs\Python\Python311\Lib\site-packages\transformers\configuration_utils.py", line 264, in __getattribute__
    return super().__getattribute__(key)
           ^^^^^^^^^^^^^^^^^^^^^^^^^^^^^
AttributeError: 'Phi3Config' object has no attribute 'head_dim'



2024-09-05 14:42:59,663:ERROR:



Could not generate stream, encountered error:  'str' object has no attribute 'to'



Traceback: Traceback (most recent call last):
  File "C:\Users\abhee\OneDrive\Documents\Work_Stuff\LLMs\LARS\web_app\hf_waitress.py", line 764, in generate
    prompt = prompt.to(PIPE.model.device)
             ^^^^^^^^^
AttributeError: 'str' object has no attribute 'to'



2024-09-05 14:44:03,264:ERROR:



Could not determine hidden_dimensions while checking HF-Waitress server health. This is not a critical error and the HF-Waitress LLM server is online! More details of the issue encountered follows:  'Phi3Config' object has no attribute 'head_dim'



Traceback: Traceback (most recent call last):
  File "C:\Users\abhee\OneDrive\Documents\Work_Stuff\LLMs\LARS\web_app\hf_waitress.py", line 944, in health
    model_info["hidden_dimensions"] = str(PIPE.model.config.head_dim)
                                          ^^^^^^^^^^^^^^^^^^^^^^^^^^
  File "C:\Users\abhee\AppData\Local\Programs\Python\Python311\Lib\site-packages\transformers\configuration_utils.py", line 264, in __getattribute__
    return super().__getattribute__(key)
           ^^^^^^^^^^^^^^^^^^^^^^^^^^^^^
AttributeError: 'Phi3Config' object has no attribute 'head_dim'



2024-09-05 14:44:08,722:ERROR:



Could not generate stream, encountered error:  cannot access local variable 'attention_mask' where it is not associated with a value



Traceback: Traceback (most recent call last):
  File "C:\Users\abhee\OneDrive\Documents\Work_Stuff\LLMs\LARS\web_app\hf_waitress.py", line 765, in generate
    attention_mask = attention_mask.to(PIPE.model.device)
                     ^^^^^^^^^^^^^^
UnboundLocalError: cannot access local variable 'attention_mask' where it is not associated with a value



2024-09-05 14:44:52,509:ERROR:



Could not determine hidden_dimensions while checking HF-Waitress server health. This is not a critical error and the HF-Waitress LLM server is online! More details of the issue encountered follows:  'Phi3Config' object has no attribute 'head_dim'



Traceback: Traceback (most recent call last):
  File "C:\Users\abhee\OneDrive\Documents\Work_Stuff\LLMs\LARS\web_app\hf_waitress.py", line 944, in health
    model_info["hidden_dimensions"] = str(PIPE.model.config.head_dim)
                                          ^^^^^^^^^^^^^^^^^^^^^^^^^^
  File "C:\Users\abhee\AppData\Local\Programs\Python\Python311\Lib\site-packages\transformers\configuration_utils.py", line 264, in __getattribute__
    return super().__getattribute__(key)
           ^^^^^^^^^^^^^^^^^^^^^^^^^^^^^
AttributeError: 'Phi3Config' object has no attribute 'head_dim'



2024-09-05 14:44:59,571:ERROR:



Could not generate stream, encountered error:  name 'attention_mask' is not defined



Traceback: Traceback (most recent call last):
  File "C:\Users\abhee\OneDrive\Documents\Work_Stuff\LLMs\LARS\web_app\hf_waitress.py", line 767, in generate
    thread = threading.Thread(target=PIPE, kwargs={"text_inputs": prompt, "attention_mask": attention_mask, **generation_kwargs})
                                                                                            ^^^^^^^^^^^^^^
NameError: name 'attention_mask' is not defined



2024-09-05 14:45:39,476:ERROR:



Could not determine hidden_dimensions while checking HF-Waitress server health. This is not a critical error and the HF-Waitress LLM server is online! More details of the issue encountered follows:  'Phi3Config' object has no attribute 'head_dim'



Traceback: Traceback (most recent call last):
  File "C:\Users\abhee\OneDrive\Documents\Work_Stuff\LLMs\LARS\web_app\hf_waitress.py", line 944, in health
    model_info["hidden_dimensions"] = str(PIPE.model.config.head_dim)
                                          ^^^^^^^^^^^^^^^^^^^^^^^^^^
  File "C:\Users\abhee\AppData\Local\Programs\Python\Python311\Lib\site-packages\transformers\configuration_utils.py", line 264, in __getattribute__
    return super().__getattribute__(key)
           ^^^^^^^^^^^^^^^^^^^^^^^^^^^^^
AttributeError: 'Phi3Config' object has no attribute 'head_dim'



2024-09-05 14:52:11,102:ERROR:



Could not determine hidden_dimensions while checking HF-Waitress server health. This is not a critical error and the HF-Waitress LLM server is online! More details of the issue encountered follows:  'Phi3Config' object has no attribute 'head_dim'



Traceback: Traceback (most recent call last):
  File "C:\Users\abhee\OneDrive\Documents\Work_Stuff\LLMs\LARS\web_app\hf_waitress.py", line 948, in health
    model_info["hidden_dimensions"] = str(PIPE.model.config.head_dim)
                                          ^^^^^^^^^^^^^^^^^^^^^^^^^^
  File "C:\Users\abhee\AppData\Local\Programs\Python\Python311\Lib\site-packages\transformers\configuration_utils.py", line 264, in __getattribute__
    return super().__getattribute__(key)
           ^^^^^^^^^^^^^^^^^^^^^^^^^^^^^
AttributeError: 'Phi3Config' object has no attribute 'head_dim'



2024-09-05 14:53:25,100:ERROR:



Could not determine hidden_dimensions while checking HF-Waitress server health. This is not a critical error and the HF-Waitress LLM server is online! More details of the issue encountered follows:  'Phi3Config' object has no attribute 'head_dim'



Traceback: Traceback (most recent call last):
  File "C:\Users\abhee\OneDrive\Documents\Work_Stuff\LLMs\LARS\web_app\hf_waitress.py", line 948, in health
    model_info["hidden_dimensions"] = str(PIPE.model.config.head_dim)
                                          ^^^^^^^^^^^^^^^^^^^^^^^^^^
  File "C:\Users\abhee\AppData\Local\Programs\Python\Python311\Lib\site-packages\transformers\configuration_utils.py", line 264, in __getattribute__
    return super().__getattribute__(key)
           ^^^^^^^^^^^^^^^^^^^^^^^^^^^^^
AttributeError: 'Phi3Config' object has no attribute 'head_dim'



2024-09-05 14:58:24,816:ERROR:



Could not determine hidden_dimensions while checking HF-Waitress server health. This is not a critical error and the HF-Waitress LLM server is online! More details of the issue encountered follows:  'Phi3Config' object has no attribute 'head_dim'



Traceback: Traceback (most recent call last):
  File "C:\Users\abhee\OneDrive\Documents\Work_Stuff\LLMs\LARS\web_app\hf_waitress.py", line 935, in health
    model_info["hidden_dimensions"] = str(PIPE.model.config.head_dim)
                                          ^^^^^^^^^^^^^^^^^^^^^^^^^^
  File "C:\Users\abhee\AppData\Local\Programs\Python\Python311\Lib\site-packages\transformers\configuration_utils.py", line 264, in __getattribute__
    return super().__getattribute__(key)
           ^^^^^^^^^^^^^^^^^^^^^^^^^^^^^
AttributeError: 'Phi3Config' object has no attribute 'head_dim'



2024-09-05 14:59:23,763:ERROR:



Could not determine hidden_dimensions while checking HF-Waitress server health. This is not a critical error and the HF-Waitress LLM server is online! More details of the issue encountered follows:  'Phi3Config' object has no attribute 'head_dim'



Traceback: Traceback (most recent call last):
  File "C:\Users\abhee\OneDrive\Documents\Work_Stuff\LLMs\LARS\web_app\hf_waitress.py", line 935, in health
    model_info["hidden_dimensions"] = str(PIPE.model.config.head_dim)
                                          ^^^^^^^^^^^^^^^^^^^^^^^^^^
  File "C:\Users\abhee\AppData\Local\Programs\Python\Python311\Lib\site-packages\transformers\configuration_utils.py", line 264, in __getattribute__
    return super().__getattribute__(key)
           ^^^^^^^^^^^^^^^^^^^^^^^^^^^^^
AttributeError: 'Phi3Config' object has no attribute 'head_dim'



2024-09-05 15:00:26,053:ERROR:



Could not determine hidden_dimensions while checking HF-Waitress server health. This is not a critical error and the HF-Waitress LLM server is online! More details of the issue encountered follows:  'Phi3Config' object has no attribute 'head_dim'



Traceback: Traceback (most recent call last):
  File "C:\Users\abhee\OneDrive\Documents\Work_Stuff\LLMs\LARS\web_app\hf_waitress.py", line 935, in health
    model_info["hidden_dimensions"] = str(PIPE.model.config.head_dim)
                                          ^^^^^^^^^^^^^^^^^^^^^^^^^^
  File "C:\Users\abhee\AppData\Local\Programs\Python\Python311\Lib\site-packages\transformers\configuration_utils.py", line 264, in __getattribute__
    return super().__getattribute__(key)
           ^^^^^^^^^^^^^^^^^^^^^^^^^^^^^
AttributeError: 'Phi3Config' object has no attribute 'head_dim'



2024-09-05 15:01:36,092:ERROR:



Could not determine hidden_dimensions while checking HF-Waitress server health. This is not a critical error and the HF-Waitress LLM server is online! More details of the issue encountered follows:  'Phi3Config' object has no attribute 'head_dim'



Traceback: Traceback (most recent call last):
  File "C:\Users\abhee\OneDrive\Documents\Work_Stuff\LLMs\LARS\web_app\hf_waitress.py", line 935, in health
    model_info["hidden_dimensions"] = str(PIPE.model.config.head_dim)
                                          ^^^^^^^^^^^^^^^^^^^^^^^^^^
  File "C:\Users\abhee\AppData\Local\Programs\Python\Python311\Lib\site-packages\transformers\configuration_utils.py", line 264, in __getattribute__
    return super().__getattribute__(key)
           ^^^^^^^^^^^^^^^^^^^^^^^^^^^^^
AttributeError: 'Phi3Config' object has no attribute 'head_dim'



2024-09-05 15:02:53,377:ERROR:



Could not determine hidden_dimensions while checking HF-Waitress server health. This is not a critical error and the HF-Waitress LLM server is online! More details of the issue encountered follows:  'Phi3Config' object has no attribute 'head_dim'



Traceback: Traceback (most recent call last):
  File "C:\Users\abhee\OneDrive\Documents\Work_Stuff\LLMs\LARS\web_app\hf_waitress.py", line 935, in health
    model_info["hidden_dimensions"] = str(PIPE.model.config.head_dim)
                                          ^^^^^^^^^^^^^^^^^^^^^^^^^^
  File "C:\Users\abhee\AppData\Local\Programs\Python\Python311\Lib\site-packages\transformers\configuration_utils.py", line 264, in __getattribute__
    return super().__getattribute__(key)
           ^^^^^^^^^^^^^^^^^^^^^^^^^^^^^
AttributeError: 'Phi3Config' object has no attribute 'head_dim'



2024-09-05 15:05:12,298:ERROR:



Could not determine hidden_dimensions while checking HF-Waitress server health. This is not a critical error and the HF-Waitress LLM server is online! More details of the issue encountered follows:  'Phi3Config' object has no attribute 'head_dim'



Traceback: Traceback (most recent call last):
  File "C:\Users\abhee\OneDrive\Documents\Work_Stuff\LLMs\LARS\web_app\hf_waitress.py", line 935, in health
    model_info["hidden_dimensions"] = str(PIPE.model.config.head_dim)
                                          ^^^^^^^^^^^^^^^^^^^^^^^^^^
  File "C:\Users\abhee\AppData\Local\Programs\Python\Python311\Lib\site-packages\transformers\configuration_utils.py", line 264, in __getattribute__
    return super().__getattribute__(key)
           ^^^^^^^^^^^^^^^^^^^^^^^^^^^^^
AttributeError: 'Phi3Config' object has no attribute 'head_dim'



2024-09-05 15:05:15,296:ERROR:



Could not generate stream, encountered error:  TextInputSequence must be str



Traceback: Traceback (most recent call last):
  File "C:\Users\abhee\OneDrive\Documents\Work_Stuff\LLMs\LARS\web_app\hf_waitress.py", line 760, in generate
    inputs = PIPE.tokenizer.encode(messages, return_tensors="pt")
             ^^^^^^^^^^^^^^^^^^^^^^^^^^^^^^^^^^^^^^^^^^^^^^^^^^^^
  File "C:\Users\abhee\AppData\Local\Programs\Python\Python311\Lib\site-packages\transformers\tokenization_utils_base.py", line 2825, in encode
    encoded_inputs = self.encode_plus(
                     ^^^^^^^^^^^^^^^^^
  File "C:\Users\abhee\AppData\Local\Programs\Python\Python311\Lib\site-packages\transformers\tokenization_utils_base.py", line 3237, in encode_plus
    return self._encode_plus(
           ^^^^^^^^^^^^^^^^^^
  File "C:\Users\abhee\AppData\Local\Programs\Python\Python311\Lib\site-packages\transformers\tokenization_utils_fast.py", line 601, in _encode_plus
    batched_output = self._batch_encode_plus(
                     ^^^^^^^^^^^^^^^^^^^^^^^^
  File "C:\Users\abhee\AppData\Local\Programs\Python\Python311\Lib\site-packages\transformers\tokenization_utils_fast.py", line 528, in _batch_encode_plus
    encodings = self._tokenizer.encode_batch(
                ^^^^^^^^^^^^^^^^^^^^^^^^^^^^^
TypeError: TextInputSequence must be str



2024-09-05 15:05:53,343:ERROR:



Could not determine hidden_dimensions while checking HF-Waitress server health. This is not a critical error and the HF-Waitress LLM server is online! More details of the issue encountered follows:  'Phi3Config' object has no attribute 'head_dim'



Traceback: Traceback (most recent call last):
  File "C:\Users\abhee\OneDrive\Documents\Work_Stuff\LLMs\LARS\web_app\hf_waitress.py", line 935, in health
    model_info["hidden_dimensions"] = str(PIPE.model.config.head_dim)
                                          ^^^^^^^^^^^^^^^^^^^^^^^^^^
  File "C:\Users\abhee\AppData\Local\Programs\Python\Python311\Lib\site-packages\transformers\configuration_utils.py", line 264, in __getattribute__
    return super().__getattribute__(key)
           ^^^^^^^^^^^^^^^^^^^^^^^^^^^^^
AttributeError: 'Phi3Config' object has no attribute 'head_dim'



2024-09-05 15:07:42,285:ERROR:



Could not determine hidden_dimensions while checking HF-Waitress server health. This is not a critical error and the HF-Waitress LLM server is online! More details of the issue encountered follows:  'Phi3Config' object has no attribute 'head_dim'



Traceback: Traceback (most recent call last):
  File "C:\Users\abhee\OneDrive\Documents\Work_Stuff\LLMs\LARS\web_app\hf_waitress.py", line 936, in health
    model_info["hidden_dimensions"] = str(PIPE.model.config.head_dim)
                                          ^^^^^^^^^^^^^^^^^^^^^^^^^^
  File "C:\Users\abhee\AppData\Local\Programs\Python\Python311\Lib\site-packages\transformers\configuration_utils.py", line 264, in __getattribute__
    return super().__getattribute__(key)
           ^^^^^^^^^^^^^^^^^^^^^^^^^^^^^
AttributeError: 'Phi3Config' object has no attribute 'head_dim'



2024-09-05 15:10:39,797:ERROR:



Could not determine hidden_dimensions while checking HF-Waitress server health. This is not a critical error and the HF-Waitress LLM server is online! More details of the issue encountered follows:  'Phi3Config' object has no attribute 'head_dim'



Traceback: Traceback (most recent call last):
  File "C:\Users\abhee\OneDrive\Documents\Work_Stuff\LLMs\LARS\web_app\hf_waitress.py", line 936, in health
    model_info["hidden_dimensions"] = str(PIPE.model.config.head_dim)
                                          ^^^^^^^^^^^^^^^^^^^^^^^^^^
  File "C:\Users\abhee\AppData\Local\Programs\Python\Python311\Lib\site-packages\transformers\configuration_utils.py", line 264, in __getattribute__
    return super().__getattribute__(key)
           ^^^^^^^^^^^^^^^^^^^^^^^^^^^^^
AttributeError: 'Phi3Config' object has no attribute 'head_dim'



2024-09-05 15:15:56,282:ERROR:



Could not determine hidden_dimensions while checking HF-Waitress server health. This is not a critical error and the HF-Waitress LLM server is online! More details of the issue encountered follows:  'Phi3Config' object has no attribute 'head_dim'



Traceback: Traceback (most recent call last):
  File "C:\Users\abhee\OneDrive\Documents\Work_Stuff\LLMs\LARS\web_app\hf_waitress.py", line 890, in health
    model_info["hidden_dimensions"] = str(PIPE.model.config.head_dim)
                                          ^^^^^^^^^^^^^^^^^^^^^^^^^^
  File "C:\Users\abhee\AppData\Local\Programs\Python\Python311\Lib\site-packages\transformers\configuration_utils.py", line 264, in __getattribute__
    return super().__getattribute__(key)
           ^^^^^^^^^^^^^^^^^^^^^^^^^^^^^
AttributeError: 'Phi3Config' object has no attribute 'head_dim'



2024-09-05 15:19:36,492:ERROR:



Could not determine hidden_dimensions while checking HF-Waitress server health. This is not a critical error and the HF-Waitress LLM server is online! More details of the issue encountered follows:  'Phi3Config' object has no attribute 'head_dim'



Traceback: Traceback (most recent call last):
  File "C:\Users\abhee\OneDrive\Documents\Work_Stuff\LLMs\LARS\web_app\hf_waitress.py", line 890, in health
    model_info["hidden_dimensions"] = str(PIPE.model.config.head_dim)
                                          ^^^^^^^^^^^^^^^^^^^^^^^^^^
  File "C:\Users\abhee\AppData\Local\Programs\Python\Python311\Lib\site-packages\transformers\configuration_utils.py", line 264, in __getattribute__
    return super().__getattribute__(key)
           ^^^^^^^^^^^^^^^^^^^^^^^^^^^^^
AttributeError: 'Phi3Config' object has no attribute 'head_dim'



2024-09-05 15:20:24,289:ERROR:



Could not determine hidden_dimensions while checking HF-Waitress server health. This is not a critical error and the HF-Waitress LLM server is online! More details of the issue encountered follows:  'Phi3Config' object has no attribute 'head_dim'



Traceback: Traceback (most recent call last):
  File "C:\Users\abhee\OneDrive\Documents\Work_Stuff\LLMs\LARS\web_app\hf_waitress.py", line 890, in health
    model_info["hidden_dimensions"] = str(PIPE.model.config.head_dim)
                                          ^^^^^^^^^^^^^^^^^^^^^^^^^^
  File "C:\Users\abhee\AppData\Local\Programs\Python\Python311\Lib\site-packages\transformers\configuration_utils.py", line 264, in __getattribute__
    return super().__getattribute__(key)
           ^^^^^^^^^^^^^^^^^^^^^^^^^^^^^
AttributeError: 'Phi3Config' object has no attribute 'head_dim'



2024-09-05 15:31:45,783:ERROR:



Could not determine hidden_dimensions while checking HF-Waitress server health. This is not a critical error and the HF-Waitress LLM server is online! More details of the issue encountered follows:  'Phi3Config' object has no attribute 'head_dim'



Traceback: Traceback (most recent call last):
  File "C:\Users\abhee\OneDrive\Documents\Work_Stuff\LLMs\LARS\web_app\hf_waitress.py", line 890, in health
    model_info["hidden_dimensions"] = str(PIPE.model.config.head_dim)
                                          ^^^^^^^^^^^^^^^^^^^^^^^^^^
  File "C:\Users\abhee\AppData\Local\Programs\Python\Python311\Lib\site-packages\transformers\configuration_utils.py", line 264, in __getattribute__
    return super().__getattribute__(key)
           ^^^^^^^^^^^^^^^^^^^^^^^^^^^^^
AttributeError: 'Phi3Config' object has no attribute 'head_dim'



2024-09-05 16:08:50,073:ERROR:



Could not determine hidden_dimensions while checking HF-Waitress server health. This is not a critical error and the HF-Waitress LLM server is online! More details of the issue encountered follows:  'Phi3Config' object has no attribute 'head_dim'



Traceback: Traceback (most recent call last):
  File "C:\Users\abhee\OneDrive\Documents\Work_Stuff\LLMs\LARS\web_app\hf_waitress.py", line 891, in health
    model_info["hidden_dimensions"] = str(PIPE.model.config.head_dim)
                                          ^^^^^^^^^^^^^^^^^^^^^^^^^^
  File "C:\Users\abhee\AppData\Local\Programs\Python\Python311\Lib\site-packages\transformers\configuration_utils.py", line 264, in __getattribute__
    return super().__getattribute__(key)
           ^^^^^^^^^^^^^^^^^^^^^^^^^^^^^
AttributeError: 'Phi3Config' object has no attribute 'head_dim'



2024-09-05 16:11:01,463:ERROR:



Could not determine hidden_dimensions while checking HF-Waitress server health. This is not a critical error and the HF-Waitress LLM server is online! More details of the issue encountered follows:  'Phi3Config' object has no attribute 'head_dim'



Traceback: Traceback (most recent call last):
  File "C:\Users\abhee\OneDrive\Documents\Work_Stuff\LLMs\LARS\web_app\hf_waitress.py", line 891, in health
    model_info["hidden_dimensions"] = str(PIPE.model.config.head_dim)
                                          ^^^^^^^^^^^^^^^^^^^^^^^^^^
  File "C:\Users\abhee\AppData\Local\Programs\Python\Python311\Lib\site-packages\transformers\configuration_utils.py", line 264, in __getattribute__
    return super().__getattribute__(key)
           ^^^^^^^^^^^^^^^^^^^^^^^^^^^^^
AttributeError: 'Phi3Config' object has no attribute 'head_dim'



2024-09-05 16:12:02,030:ERROR:



Could not determine hidden_dimensions while checking HF-Waitress server health. This is not a critical error and the HF-Waitress LLM server is online! More details of the issue encountered follows:  'Phi3Config' object has no attribute 'head_dim'



Traceback: Traceback (most recent call last):
  File "C:\Users\abhee\OneDrive\Documents\Work_Stuff\LLMs\LARS\web_app\hf_waitress.py", line 891, in health
    model_info["hidden_dimensions"] = str(PIPE.model.config.head_dim)
                                          ^^^^^^^^^^^^^^^^^^^^^^^^^^
  File "C:\Users\abhee\AppData\Local\Programs\Python\Python311\Lib\site-packages\transformers\configuration_utils.py", line 264, in __getattribute__
    return super().__getattribute__(key)
           ^^^^^^^^^^^^^^^^^^^^^^^^^^^^^
AttributeError: 'Phi3Config' object has no attribute 'head_dim'



2024-09-05 16:13:47,145:ERROR:



Could not determine hidden_dimensions while checking HF-Waitress server health. This is not a critical error and the HF-Waitress LLM server is online! More details of the issue encountered follows:  'Phi3Config' object has no attribute 'head_dim'



Traceback: Traceback (most recent call last):
  File "C:\Users\abhee\OneDrive\Documents\Work_Stuff\LLMs\LARS\web_app\hf_waitress.py", line 893, in health
    model_info["hidden_dimensions"] = str(PIPE.model.config.head_dim)
                                          ^^^^^^^^^^^^^^^^^^^^^^^^^^
  File "C:\Users\abhee\AppData\Local\Programs\Python\Python311\Lib\site-packages\transformers\configuration_utils.py", line 264, in __getattribute__
    return super().__getattribute__(key)
           ^^^^^^^^^^^^^^^^^^^^^^^^^^^^^
AttributeError: 'Phi3Config' object has no attribute 'head_dim'



2024-09-05 16:15:12,726:ERROR:



Could not determine hidden_dimensions while checking HF-Waitress server health. This is not a critical error and the HF-Waitress LLM server is online! More details of the issue encountered follows:  'Phi3Config' object has no attribute 'head_dim'



Traceback: Traceback (most recent call last):
  File "C:\Users\abhee\OneDrive\Documents\Work_Stuff\LLMs\LARS\web_app\hf_waitress.py", line 893, in health
    model_info["hidden_dimensions"] = str(PIPE.model.config.head_dim)
                                          ^^^^^^^^^^^^^^^^^^^^^^^^^^
  File "C:\Users\abhee\AppData\Local\Programs\Python\Python311\Lib\site-packages\transformers\configuration_utils.py", line 264, in __getattribute__
    return super().__getattribute__(key)
           ^^^^^^^^^^^^^^^^^^^^^^^^^^^^^
AttributeError: 'Phi3Config' object has no attribute 'head_dim'



2024-09-05 16:16:29,542:ERROR:



Could not determine hidden_dimensions while checking HF-Waitress server health. This is not a critical error and the HF-Waitress LLM server is online! More details of the issue encountered follows:  'Phi3Config' object has no attribute 'head_dim'



Traceback: Traceback (most recent call last):
  File "C:\Users\abhee\OneDrive\Documents\Work_Stuff\LLMs\LARS\web_app\hf_waitress.py", line 900, in health
    model_info["hidden_dimensions"] = str(PIPE.model.config.head_dim)
                                          ^^^^^^^^^^^^^^^^^^^^^^^^^^
  File "C:\Users\abhee\AppData\Local\Programs\Python\Python311\Lib\site-packages\transformers\configuration_utils.py", line 264, in __getattribute__
    return super().__getattribute__(key)
           ^^^^^^^^^^^^^^^^^^^^^^^^^^^^^
AttributeError: 'Phi3Config' object has no attribute 'head_dim'



2024-09-05 16:17:34,499:ERROR:



Could not determine hidden_dimensions while checking HF-Waitress server health. This is not a critical error and the HF-Waitress LLM server is online! More details of the issue encountered follows:  'Phi3Config' object has no attribute 'head_dim'



Traceback: Traceback (most recent call last):
  File "C:\Users\abhee\OneDrive\Documents\Work_Stuff\LLMs\LARS\web_app\hf_waitress.py", line 900, in health
    model_info["hidden_dimensions"] = str(PIPE.model.config.head_dim)
                                          ^^^^^^^^^^^^^^^^^^^^^^^^^^
  File "C:\Users\abhee\AppData\Local\Programs\Python\Python311\Lib\site-packages\transformers\configuration_utils.py", line 264, in __getattribute__
    return super().__getattribute__(key)
           ^^^^^^^^^^^^^^^^^^^^^^^^^^^^^
AttributeError: 'Phi3Config' object has no attribute 'head_dim'



2024-09-05 16:19:28,569:ERROR:



Could not determine hidden_dimensions while checking HF-Waitress server health. This is not a critical error and the HF-Waitress LLM server is online! More details of the issue encountered follows:  'Phi3Config' object has no attribute 'head_dim'



Traceback: Traceback (most recent call last):
  File "C:\Users\abhee\OneDrive\Documents\Work_Stuff\LLMs\LARS\web_app\hf_waitress.py", line 900, in health
    model_info["hidden_dimensions"] = str(PIPE.model.config.head_dim)
                                          ^^^^^^^^^^^^^^^^^^^^^^^^^^
  File "C:\Users\abhee\AppData\Local\Programs\Python\Python311\Lib\site-packages\transformers\configuration_utils.py", line 264, in __getattribute__
    return super().__getattribute__(key)
           ^^^^^^^^^^^^^^^^^^^^^^^^^^^^^
AttributeError: 'Phi3Config' object has no attribute 'head_dim'



2024-09-05 16:20:07,834:ERROR:



Could not determine hidden_dimensions while checking HF-Waitress server health. This is not a critical error and the HF-Waitress LLM server is online! More details of the issue encountered follows:  'Phi3Config' object has no attribute 'head_dim'



Traceback: Traceback (most recent call last):
  File "C:\Users\abhee\OneDrive\Documents\Work_Stuff\LLMs\LARS\web_app\hf_waitress.py", line 900, in health
    model_info["hidden_dimensions"] = str(PIPE.model.config.head_dim)
                                          ^^^^^^^^^^^^^^^^^^^^^^^^^^
  File "C:\Users\abhee\AppData\Local\Programs\Python\Python311\Lib\site-packages\transformers\configuration_utils.py", line 264, in __getattribute__
    return super().__getattribute__(key)
           ^^^^^^^^^^^^^^^^^^^^^^^^^^^^^
AttributeError: 'Phi3Config' object has no attribute 'head_dim'



2024-09-05 16:21:15,580:ERROR:



Could not determine hidden_dimensions while checking HF-Waitress server health. This is not a critical error and the HF-Waitress LLM server is online! More details of the issue encountered follows:  'Phi3Config' object has no attribute 'head_dim'



Traceback: Traceback (most recent call last):
  File "C:\Users\abhee\OneDrive\Documents\Work_Stuff\LLMs\LARS\web_app\hf_waitress.py", line 900, in health
    model_info["hidden_dimensions"] = str(PIPE.model.config.head_dim)
                                          ^^^^^^^^^^^^^^^^^^^^^^^^^^
  File "C:\Users\abhee\AppData\Local\Programs\Python\Python311\Lib\site-packages\transformers\configuration_utils.py", line 264, in __getattribute__
    return super().__getattribute__(key)
           ^^^^^^^^^^^^^^^^^^^^^^^^^^^^^
AttributeError: 'Phi3Config' object has no attribute 'head_dim'



2024-09-05 16:22:40,919:ERROR:



Could not determine hidden_dimensions while checking HF-Waitress server health. This is not a critical error and the HF-Waitress LLM server is online! More details of the issue encountered follows:  'Phi3Config' object has no attribute 'head_dim'



Traceback: Traceback (most recent call last):
  File "C:\Users\abhee\OneDrive\Documents\Work_Stuff\LLMs\LARS\web_app\hf_waitress.py", line 890, in health
    model_info["hidden_dimensions"] = str(PIPE.model.config.head_dim)
                                          ^^^^^^^^^^^^^^^^^^^^^^^^^^
  File "C:\Users\abhee\AppData\Local\Programs\Python\Python311\Lib\site-packages\transformers\configuration_utils.py", line 264, in __getattribute__
    return super().__getattribute__(key)
           ^^^^^^^^^^^^^^^^^^^^^^^^^^^^^
AttributeError: 'Phi3Config' object has no attribute 'head_dim'



2024-09-05 16:30:04,159:ERROR:



Could not determine hidden_dimensions while checking HF-Waitress server health. This is not a critical error and the HF-Waitress LLM server is online! More details of the issue encountered follows:  'Phi3Config' object has no attribute 'head_dim'



Traceback: Traceback (most recent call last):
  File "C:\Users\abhee\OneDrive\Documents\Work_Stuff\LLMs\LARS\web_app\hf_waitress.py", line 885, in health
    model_info["hidden_dimensions"] = str(PIPE.model.config.head_dim)
                                          ^^^^^^^^^^^^^^^^^^^^^^^^^^
  File "C:\Users\abhee\AppData\Local\Programs\Python\Python311\Lib\site-packages\transformers\configuration_utils.py", line 264, in __getattribute__
    return super().__getattribute__(key)
           ^^^^^^^^^^^^^^^^^^^^^^^^^^^^^
AttributeError: 'Phi3Config' object has no attribute 'head_dim'



2024-09-05 16:33:44,052:ERROR:



Could not determine hidden_dimensions while checking HF-Waitress server health. This is not a critical error and the HF-Waitress LLM server is online! More details of the issue encountered follows:  'Phi3Config' object has no attribute 'head_dim'



Traceback: Traceback (most recent call last):
  File "C:\Users\abhee\OneDrive\Documents\Work_Stuff\LLMs\LARS\web_app\hf_waitress.py", line 885, in health
    model_info["hidden_dimensions"] = str(PIPE.model.config.head_dim)
                                          ^^^^^^^^^^^^^^^^^^^^^^^^^^
  File "C:\Users\abhee\AppData\Local\Programs\Python\Python311\Lib\site-packages\transformers\configuration_utils.py", line 264, in __getattribute__
    return super().__getattribute__(key)
           ^^^^^^^^^^^^^^^^^^^^^^^^^^^^^
AttributeError: 'Phi3Config' object has no attribute 'head_dim'



2024-09-05 16:34:27,666:ERROR:



Could not determine hidden_dimensions while checking HF-Waitress server health. This is not a critical error and the HF-Waitress LLM server is online! More details of the issue encountered follows:  'Phi3Config' object has no attribute 'head_dim'



Traceback: Traceback (most recent call last):
  File "C:\Users\abhee\OneDrive\Documents\Work_Stuff\LLMs\LARS\web_app\hf_waitress.py", line 885, in health
    model_info["hidden_dimensions"] = str(PIPE.model.config.head_dim)
                                          ^^^^^^^^^^^^^^^^^^^^^^^^^^
  File "C:\Users\abhee\AppData\Local\Programs\Python\Python311\Lib\site-packages\transformers\configuration_utils.py", line 264, in __getattribute__
    return super().__getattribute__(key)
           ^^^^^^^^^^^^^^^^^^^^^^^^^^^^^
AttributeError: 'Phi3Config' object has no attribute 'head_dim'



2024-09-05 16:35:33,378:ERROR:



Could not determine hidden_dimensions while checking HF-Waitress server health. This is not a critical error and the HF-Waitress LLM server is online! More details of the issue encountered follows:  'Phi3Config' object has no attribute 'head_dim'



Traceback: Traceback (most recent call last):
  File "C:\Users\abhee\OneDrive\Documents\Work_Stuff\LLMs\LARS\web_app\hf_waitress.py", line 885, in health
    model_info["hidden_dimensions"] = str(PIPE.model.config.head_dim)
                                          ^^^^^^^^^^^^^^^^^^^^^^^^^^
  File "C:\Users\abhee\AppData\Local\Programs\Python\Python311\Lib\site-packages\transformers\configuration_utils.py", line 264, in __getattribute__
    return super().__getattribute__(key)
           ^^^^^^^^^^^^^^^^^^^^^^^^^^^^^
AttributeError: 'Phi3Config' object has no attribute 'head_dim'



2024-09-05 16:37:09,491:ERROR:



Could not determine hidden_dimensions while checking HF-Waitress server health. This is not a critical error and the HF-Waitress LLM server is online! More details of the issue encountered follows:  'Phi3Config' object has no attribute 'head_dim'



Traceback: Traceback (most recent call last):
  File "C:\Users\abhee\OneDrive\Documents\Work_Stuff\LLMs\LARS\web_app\hf_waitress.py", line 885, in health
    model_info["hidden_dimensions"] = str(PIPE.model.config.head_dim)
                                          ^^^^^^^^^^^^^^^^^^^^^^^^^^
  File "C:\Users\abhee\AppData\Local\Programs\Python\Python311\Lib\site-packages\transformers\configuration_utils.py", line 264, in __getattribute__
    return super().__getattribute__(key)
           ^^^^^^^^^^^^^^^^^^^^^^^^^^^^^
AttributeError: 'Phi3Config' object has no attribute 'head_dim'



2024-09-05 16:38:02,287:ERROR:



Could not determine hidden_dimensions while checking HF-Waitress server health. This is not a critical error and the HF-Waitress LLM server is online! More details of the issue encountered follows:  'Phi3Config' object has no attribute 'head_dim'



Traceback: Traceback (most recent call last):
  File "C:\Users\abhee\OneDrive\Documents\Work_Stuff\LLMs\LARS\web_app\hf_waitress.py", line 885, in health
    model_info["hidden_dimensions"] = str(PIPE.model.config.head_dim)
                                          ^^^^^^^^^^^^^^^^^^^^^^^^^^
  File "C:\Users\abhee\AppData\Local\Programs\Python\Python311\Lib\site-packages\transformers\configuration_utils.py", line 264, in __getattribute__
    return super().__getattribute__(key)
           ^^^^^^^^^^^^^^^^^^^^^^^^^^^^^
AttributeError: 'Phi3Config' object has no attribute 'head_dim'



2024-09-05 16:39:24,692:ERROR:



Could not determine hidden_dimensions while checking HF-Waitress server health. This is not a critical error and the HF-Waitress LLM server is online! More details of the issue encountered follows:  'Phi3Config' object has no attribute 'head_dim'



Traceback: Traceback (most recent call last):
  File "C:\Users\abhee\OneDrive\Documents\Work_Stuff\LLMs\LARS\web_app\hf_waitress.py", line 885, in health
    model_info["hidden_dimensions"] = str(PIPE.model.config.head_dim)
                                          ^^^^^^^^^^^^^^^^^^^^^^^^^^
  File "C:\Users\abhee\AppData\Local\Programs\Python\Python311\Lib\site-packages\transformers\configuration_utils.py", line 264, in __getattribute__
    return super().__getattribute__(key)
           ^^^^^^^^^^^^^^^^^^^^^^^^^^^^^
AttributeError: 'Phi3Config' object has no attribute 'head_dim'



2024-09-05 16:40:37,970:ERROR:



Could not determine hidden_dimensions while checking HF-Waitress server health. This is not a critical error and the HF-Waitress LLM server is online! More details of the issue encountered follows:  'Phi3Config' object has no attribute 'head_dim'



Traceback: Traceback (most recent call last):
  File "C:\Users\abhee\OneDrive\Documents\Work_Stuff\LLMs\LARS\web_app\hf_waitress.py", line 885, in health
    model_info["hidden_dimensions"] = str(PIPE.model.config.head_dim)
                                          ^^^^^^^^^^^^^^^^^^^^^^^^^^
  File "C:\Users\abhee\AppData\Local\Programs\Python\Python311\Lib\site-packages\transformers\configuration_utils.py", line 264, in __getattribute__
    return super().__getattribute__(key)
           ^^^^^^^^^^^^^^^^^^^^^^^^^^^^^
AttributeError: 'Phi3Config' object has no attribute 'head_dim'



2024-09-05 16:44:49,389:ERROR:



Could not determine hidden_dimensions while checking HF-Waitress server health. This is not a critical error and the HF-Waitress LLM server is online! More details of the issue encountered follows:  'Phi3Config' object has no attribute 'head_dim'



Traceback: Traceback (most recent call last):
  File "C:\Users\abhee\OneDrive\Documents\Work_Stuff\LLMs\LARS\web_app\hf_waitress.py", line 885, in health
    model_info["hidden_dimensions"] = str(PIPE.model.config.head_dim)
                                          ^^^^^^^^^^^^^^^^^^^^^^^^^^
  File "C:\Users\abhee\AppData\Local\Programs\Python\Python311\Lib\site-packages\transformers\configuration_utils.py", line 264, in __getattribute__
    return super().__getattribute__(key)
           ^^^^^^^^^^^^^^^^^^^^^^^^^^^^^
AttributeError: 'Phi3Config' object has no attribute 'head_dim'



2024-09-05 16:47:07,822:ERROR:



Could not determine hidden_dimensions while checking HF-Waitress server health. This is not a critical error and the HF-Waitress LLM server is online! More details of the issue encountered follows:  'Phi3Config' object has no attribute 'head_dim'



Traceback: Traceback (most recent call last):
  File "C:\Users\abhee\OneDrive\Documents\Work_Stuff\LLMs\LARS\web_app\hf_waitress.py", line 885, in health
    model_info["hidden_dimensions"] = str(PIPE.model.config.head_dim)
                                          ^^^^^^^^^^^^^^^^^^^^^^^^^^
  File "C:\Users\abhee\AppData\Local\Programs\Python\Python311\Lib\site-packages\transformers\configuration_utils.py", line 264, in __getattribute__
    return super().__getattribute__(key)
           ^^^^^^^^^^^^^^^^^^^^^^^^^^^^^
AttributeError: 'Phi3Config' object has no attribute 'head_dim'



2024-09-05 16:50:23,025:ERROR:



Could not determine hidden_dimensions while checking HF-Waitress server health. This is not a critical error and the HF-Waitress LLM server is online! More details of the issue encountered follows:  'Phi3Config' object has no attribute 'head_dim'



Traceback: Traceback (most recent call last):
  File "C:\Users\abhee\OneDrive\Documents\Work_Stuff\LLMs\LARS\web_app\hf_waitress.py", line 885, in health
    model_info["hidden_dimensions"] = str(PIPE.model.config.head_dim)
                                          ^^^^^^^^^^^^^^^^^^^^^^^^^^
  File "C:\Users\abhee\AppData\Local\Programs\Python\Python311\Lib\site-packages\transformers\configuration_utils.py", line 264, in __getattribute__
    return super().__getattribute__(key)
           ^^^^^^^^^^^^^^^^^^^^^^^^^^^^^
AttributeError: 'Phi3Config' object has no attribute 'head_dim'



2024-09-05 16:53:53,928:ERROR:



Could not determine hidden_dimensions while checking HF-Waitress server health. This is not a critical error and the HF-Waitress LLM server is online! More details of the issue encountered follows:  'Phi3Config' object has no attribute 'head_dim'



Traceback: Traceback (most recent call last):
  File "C:\Users\abhee\OneDrive\Documents\Work_Stuff\LLMs\LARS\web_app\hf_waitress.py", line 885, in health
    model_info["hidden_dimensions"] = str(PIPE.model.config.head_dim)
                                          ^^^^^^^^^^^^^^^^^^^^^^^^^^
  File "C:\Users\abhee\AppData\Local\Programs\Python\Python311\Lib\site-packages\transformers\configuration_utils.py", line 264, in __getattribute__
    return super().__getattribute__(key)
           ^^^^^^^^^^^^^^^^^^^^^^^^^^^^^
AttributeError: 'Phi3Config' object has no attribute 'head_dim'



2024-09-05 16:57:47,765:ERROR:



Could not determine hidden_dimensions while checking HF-Waitress server health. This is not a critical error and the HF-Waitress LLM server is online! More details of the issue encountered follows:  'Phi3Config' object has no attribute 'head_dim'



Traceback: Traceback (most recent call last):
  File "C:\Users\abhee\OneDrive\Documents\Work_Stuff\LLMs\LARS\web_app\hf_waitress.py", line 885, in health
    model_info["hidden_dimensions"] = str(PIPE.model.config.head_dim)
                                          ^^^^^^^^^^^^^^^^^^^^^^^^^^
  File "C:\Users\abhee\AppData\Local\Programs\Python\Python311\Lib\site-packages\transformers\configuration_utils.py", line 264, in __getattribute__
    return super().__getattribute__(key)
           ^^^^^^^^^^^^^^^^^^^^^^^^^^^^^
AttributeError: 'Phi3Config' object has no attribute 'head_dim'



2024-09-05 17:01:08,932:ERROR:



Could not determine hidden_dimensions while checking HF-Waitress server health. This is not a critical error and the HF-Waitress LLM server is online! More details of the issue encountered follows:  'Phi3Config' object has no attribute 'head_dim'



Traceback: Traceback (most recent call last):
  File "C:\Users\abhee\OneDrive\Documents\Work_Stuff\LLMs\LARS\web_app\hf_waitress.py", line 885, in health
    model_info["hidden_dimensions"] = str(PIPE.model.config.head_dim)
                                          ^^^^^^^^^^^^^^^^^^^^^^^^^^
  File "C:\Users\abhee\AppData\Local\Programs\Python\Python311\Lib\site-packages\transformers\configuration_utils.py", line 264, in __getattribute__
    return super().__getattribute__(key)
           ^^^^^^^^^^^^^^^^^^^^^^^^^^^^^
AttributeError: 'Phi3Config' object has no attribute 'head_dim'



2024-09-05 17:03:24,169:ERROR:



Could not determine hidden_dimensions while checking HF-Waitress server health. This is not a critical error and the HF-Waitress LLM server is online! More details of the issue encountered follows:  'Phi3Config' object has no attribute 'head_dim'



Traceback: Traceback (most recent call last):
  File "C:\Users\abhee\OneDrive\Documents\Work_Stuff\LLMs\LARS\web_app\hf_waitress.py", line 885, in health
    model_info["hidden_dimensions"] = str(PIPE.model.config.head_dim)
                                          ^^^^^^^^^^^^^^^^^^^^^^^^^^
  File "C:\Users\abhee\AppData\Local\Programs\Python\Python311\Lib\site-packages\transformers\configuration_utils.py", line 264, in __getattribute__
    return super().__getattribute__(key)
           ^^^^^^^^^^^^^^^^^^^^^^^^^^^^^
AttributeError: 'Phi3Config' object has no attribute 'head_dim'



2024-09-05 17:05:53,824:ERROR:



Could not determine hidden_dimensions while checking HF-Waitress server health. This is not a critical error and the HF-Waitress LLM server is online! More details of the issue encountered follows:  'Phi3Config' object has no attribute 'head_dim'



Traceback: Traceback (most recent call last):
  File "C:\Users\abhee\OneDrive\Documents\Work_Stuff\LLMs\LARS\web_app\hf_waitress.py", line 885, in health
    model_info["hidden_dimensions"] = str(PIPE.model.config.head_dim)
                                          ^^^^^^^^^^^^^^^^^^^^^^^^^^
  File "C:\Users\abhee\AppData\Local\Programs\Python\Python311\Lib\site-packages\transformers\configuration_utils.py", line 264, in __getattribute__
    return super().__getattribute__(key)
           ^^^^^^^^^^^^^^^^^^^^^^^^^^^^^
AttributeError: 'Phi3Config' object has no attribute 'head_dim'



2024-09-06 09:37:28,936:ERROR:



Could not determine hidden_dimensions while checking HF-Waitress server health. This is not a critical error and the HF-Waitress LLM server is online! More details of the issue encountered follows:  'Phi3Config' object has no attribute 'head_dim'



Traceback: Traceback (most recent call last):
  File "C:\Users\abhee\OneDrive\Documents\Work_Stuff\LLMs\LARS\web_app\hf_waitress.py", line 885, in health
    model_info["hidden_dimensions"] = str(PIPE.model.config.head_dim)
                                          ^^^^^^^^^^^^^^^^^^^^^^^^^^
  File "C:\Users\abhee\AppData\Local\Programs\Python\Python311\Lib\site-packages\transformers\configuration_utils.py", line 264, in __getattribute__
    return super().__getattribute__(key)
           ^^^^^^^^^^^^^^^^^^^^^^^^^^^^^
AttributeError: 'Phi3Config' object has no attribute 'head_dim'



2024-09-06 09:48:36,643:ERROR:



Could not determine hidden_dimensions while checking HF-Waitress server health. This is not a critical error and the HF-Waitress LLM server is online! More details of the issue encountered follows:  'LlamaConfig' object has no attribute 'head_dim'



Traceback: Traceback (most recent call last):
  File "C:\Users\abhee\OneDrive\Documents\Work_Stuff\LLMs\LARS\web_app\hf_waitress.py", line 885, in health
    model_info["hidden_dimensions"] = str(PIPE.model.config.head_dim)
                                          ^^^^^^^^^^^^^^^^^^^^^^^^^^
  File "C:\Users\abhee\AppData\Local\Programs\Python\Python311\Lib\site-packages\transformers\configuration_utils.py", line 264, in __getattribute__
    return super().__getattribute__(key)
           ^^^^^^^^^^^^^^^^^^^^^^^^^^^^^
AttributeError: 'LlamaConfig' object has no attribute 'head_dim'



2024-09-06 09:49:35,390:ERROR:



Could not determine hidden_dimensions while checking HF-Waitress server health. This is not a critical error and the HF-Waitress LLM server is online! More details of the issue encountered follows:  'LlamaConfig' object has no attribute 'head_dim'



Traceback: Traceback (most recent call last):
  File "C:\Users\abhee\OneDrive\Documents\Work_Stuff\LLMs\LARS\web_app\hf_waitress.py", line 885, in health
    model_info["hidden_dimensions"] = str(PIPE.model.config.head_dim)
                                          ^^^^^^^^^^^^^^^^^^^^^^^^^^
  File "C:\Users\abhee\AppData\Local\Programs\Python\Python311\Lib\site-packages\transformers\configuration_utils.py", line 264, in __getattribute__
    return super().__getattribute__(key)
           ^^^^^^^^^^^^^^^^^^^^^^^^^^^^^
AttributeError: 'LlamaConfig' object has no attribute 'head_dim'



2024-09-06 09:54:04,091:ERROR:



Could not determine hidden_dimensions while checking HF-Waitress server health. This is not a critical error and the HF-Waitress LLM server is online! More details of the issue encountered follows:  'LlamaConfig' object has no attribute 'head_dim'



Traceback: Traceback (most recent call last):
  File "C:\Users\abhee\OneDrive\Documents\Work_Stuff\LLMs\LARS\web_app\hf_waitress.py", line 885, in health
    model_info["hidden_dimensions"] = str(PIPE.model.config.head_dim)
                                          ^^^^^^^^^^^^^^^^^^^^^^^^^^
  File "C:\Users\abhee\AppData\Local\Programs\Python\Python311\Lib\site-packages\transformers\configuration_utils.py", line 264, in __getattribute__
    return super().__getattribute__(key)
           ^^^^^^^^^^^^^^^^^^^^^^^^^^^^^
AttributeError: 'LlamaConfig' object has no attribute 'head_dim'



2024-09-06 09:55:00,788:ERROR:



Could not determine hidden_dimensions while checking HF-Waitress server health. This is not a critical error and the HF-Waitress LLM server is online! More details of the issue encountered follows:  'Phi3Config' object has no attribute 'head_dim'



Traceback: Traceback (most recent call last):
  File "C:\Users\abhee\OneDrive\Documents\Work_Stuff\LLMs\LARS\web_app\hf_waitress.py", line 885, in health
    model_info["hidden_dimensions"] = str(PIPE.model.config.head_dim)
                                          ^^^^^^^^^^^^^^^^^^^^^^^^^^
  File "C:\Users\abhee\AppData\Local\Programs\Python\Python311\Lib\site-packages\transformers\configuration_utils.py", line 264, in __getattribute__
    return super().__getattribute__(key)
           ^^^^^^^^^^^^^^^^^^^^^^^^^^^^^
AttributeError: 'Phi3Config' object has no attribute 'head_dim'



